Workbook

Sheet cotação
A1: CAIXA ORTOPEDIA INFANTIL E RECONSTRUÇÃO
A2: ITEM | B2: QT | C2: DESCRITIVO FINAL | D2: DESCRITIVO PROPOSTA E CATALOGO | E2: CÓDIGO | F2: ANVISA | G2: UNITÁRIO | H2: TOTAL | I2: MARCA
A3: 1 | B3: 2 | C3: AFASTADOR LANGENBECK PEQUENO, 30x11 MM, 21 CM | D3: Afastador Langenbeck, 22cm 30x11mm | E3: 09-281-01 | F3: 81897710023 | G3: 256.95783 | H3: 513.91565 | I3: FENTEX
A4: 2 | B4: 2 | C4: AFASTADOR LANGENBECK PEQUENO, 50x11 MM, 21 CM | D4: Afastador Langenbeck, 22cm 50x11mm | E4: 09-281-05 | F4: 81897710023 | G4: 269.07848 | H4: 538.15696 | I4: FENTEX
A5: 3 | B5: 1 | C5: AFASTADOR FARABEUF, 12 CM | D5: Afastador Farabeuf Conjunto Completo, 12cm | E5: 09-573-00 | F5: 81897710023 | G5: 315.54098 | H5: 315.54098 | I5: FENTEX
A6: 4 | B6: 1 | C6: AFASTADOR FARABEUF, 17 x 20 CM | D6: Afastador Farabeuf Conjunto Completo, 17x20cm | E6: 09-576-00 | F6: 81897710021 | G6: 315.54098 | H6: 315.54098 | I6: FENTEX
A7: 5 | B7: 4 | C7: PINÇA ALLIS DELICADA, ATRAUMÁTICA 16 CM | D7: Pinça Allis, Atraumatica, Delicada, 16cm | E7: 18-110-16 | F7: 81897710001 | G7: 770.87348 | H7: 3083.4939 | I7: FENTEX
A8: 6 | B8: 4 | C8: PINÇA ALLIS 5X6 DENTES, 15 CM | D8: Pinça Allis, 5x6 dentes, 15cm | E8: 18-104-15 | F8: 81897710001 | G8: 239.18087 | H8: 956.72348 | I8: FENTEX
A9: 7 | B9: 4 | C9: PORTA AGULHA FORTE, COM VIDEA, 18 CM | D9: Porta Agulha forte 18cm com videa | E9: 13-190-12 | F9: 81897710001 | G9: 868.64674 | H9: 3474.587 | I9: FENTEX
A10: 8 | B10: 1 | C10: SACABOCADO RUSKIN, DELICADO, RETO, 3MM X 15 CM | D10: Sacabocado Ruskin-Mini Bone Rongeur, delicado, Reta, 15cm, 3mm | E10: 13-898-15 | F10: 81897710001 | G10: 1368.0176 | H10: 1368.0176 | I10: FENTEX
A11: 9 | B11: 1 | C11: SACABOCADO STILLE RUSKIN, CURVO, 23 CM | D11: Sacabocado Ruskin Bone Rongeur, curva, 23cm | E11: 13-891-23 | F11: 81897710001 | G11: 1878.7011 | H11: 1878.7011 | I11: FENTEX
A12: 10 | B12: 2 | C12: SPREADER PEQUENO, 16 CM | D12: Afastador Spreader Pequeno, 16.5cm | E12: 15-605-16 | F12: 81897710001 | G12: 1250 | H12: 2500 | I12: FENTEX
A13: 11 | B13: 2 | C13: SPREADER GRANDE, 26 CM | D13: Afastador Spreader Grande, 27cm | E13: 15-605-27 | F13: 81897710001 | G13: 1250 | H13: 2500 | I13: FENTEX
A14: 12 | B14: 1 | C14: FORMÃO LAMBOTTE RETO, 6 MM X 17 CM | D14: Formao Lambotte Osteótomo 17cm, 6mm - reto | E14: 13-342-06 | F14: 81897710018 | G14: 228.6763 | H14: 228.6763 | I14: FENTEX
... A23: 21 | B23: 1 | C23: OSTEÓTOMO, COM CABO, CURVO, 19 MM X 20 CM | D23: Smith-Petersen Osteótomo, Curvo, 20cm, 19mm | E23: 13-321-19 | F23: 81897710018 | G23: 689.66511 | H23: 689.66511 | I23: FENTEX
A24: 22 | B24: 1 | C24: AFASTADOR QUADRADO PARA QUADRIL (NORTE SUL) | D24: Afastador Norte Sul para quadril | E24: 11602 | F24: 81087610008 | G24: 8855 | H24: 8855 | I24: PRIME
A25: 23 | B25: 2 | C25: PORTA AGULHA DELICADO CRILE WOOD, COM VIDEA, 15 CM | D25: Porta-agulhas Crilewood,delicado, com videa, 15cm | E25: 11-604-15 | F25: 81897710001 | G25: 851.2738 | H25: 1702.5476 | I25: FENTEX
A26: 24 | B26: 2 | C26: PORTA AGULHA FORTE, COM VIDEA, 18 CM | D26: Porta agulha forte, 18cm, com videa | E26: 13-190-12 | F26: 81897710001 | G26: 868.64674 | H26: 1737.2935 | I26: FENTEX
A27: 25 | B27: 2 | C27: TESOURA DE GESSO | D27: Tesoura para gesso Lister, 18cm | E27: 05-830-18 | F27: 81897710017 | G27: 176.15348 | H27: 352.30696 | I27: FENTEX
A28: 26 | B28: 1 | C28: PINÇA ECHILIN, 3 MM X 23 CM | D28: Pinça Echlin Bone Rongeur, 23cm, 3mm | E28: 13-900-03 | F28: 81897710001 | G28: 2177.2732 | H28: 2177.2732 | I28: FENTEX
A29: 27 | B29: 1 | C29: PINÇA WOLF PARA RETIRADA GESSO, 18 CM | D29: Pinça de gesso Wolff 18cm | E29: 12-220-18 | F29: 81897710001 | G29: 1363.1693 | H29: 1363.1693 | I29: FENTEX
A30: 28 | B30: 1 | C30: PINÇA WOLF PARA RETIRADA GESSO, 24 CM | D30: Pinça de gesso Wolff, 24cm | E30: 12-220-24 | F30: 81897710001 | G30: 1859.308 | H30: 1859.308 | I30: FENTEX
A31: 29 | B31: 1 | C31: DESCOLADOR MOLT, 18 CM | D31: Descolador Dingman (Molt), 6.5mm,18cm | E31: HB5618-18 | F31: 81897710012 | G31: 562.47009 | H31: 562.47009 | I31: FENTEX
A32: 30 | B32: 1 | C32: DESCOLADOR COBB, 13 MM X 28 CM | D32: Descolador Cobb, 28cm 13mm | E32: 13-670-02 | F32: 81897710018 | G32: 591.0838 | H32: 591.0838 | I32: FENTEX
A33: 31 | B33: 1 | C33: DESCOLADOR COBB, 19 MM X 28 CM | D33: Descoaldor Cobb, 28cm 19mm | E33: 13-670-03 | F33: 81897710018 | G33: 591.0838 | H33: 591.0838 | I33: FENTEX
A34: 32 | B34: 1 | C34: CURETA VOLKMANN, TAMANHO 000, 17 CM | D34: Cureta Óssea Volkmann 17cm, n 000 | E34: 13-502-30 | F34: 81897710018 | G34: 230.69641 | H34: 230.69641 | I34: FENTEX
A35: 33 | B35: 1 | C35: CURETA VOLKMANN, TAMANHO 00, 17 CM | D35: Cureta Óssea Volkmann 17cm, n 00 | E35: 13-502-20 | F35: 81897710018 | G35: 230.69641 | H35: 230.69641 | I35: FENTEX
A36: 34 | B36: 1 | C36: CURETA VOLKMANN, TAMANHO 0, 17 CM | D36: Cureta Óssea Volkmann 17cm, n 0 | E36: 13-502-10 | F36: 81897710018 | G36: 230.69641 | H36: 230.69641 | I36: FENTEX
... A58: 56 | B58: 4 | C58: AFASTADOR SENN-MULLER, AGUDO, 16 CM | D58: Afastador Senn-Miller 16cm 7x8.5mm, agudo | E58: 09-186-16 | F58: 81897710023 | G58: 236.35272 | H58: 945.41087 | I58: FENTEX
A59: 57 | B59: 2 | C59: DISTRATOR HINTERMANN PEQUENO | D59: Distrator Osseo Pequeno Hintermann, para pinos 1.6 a 2.4mm, 15cm | E59: FX.62.312 | F59: 81897719006 | G59: 1692.4022 | H59: 3384.8043 | I59: FENTEX | J59: 4210-SB
A60: 58 | B60: 2 | C60: DISTRATOR HINTERMANN MÉDIO | D60: Distrator Osseo Grande Hintermann, para pinos 1.6 a 2.4mm, 20cm | E60: FX.62.313 | F60: 81897719006 | G60: 1812.262 | H60: 3624.5239 | I60: FENTEX | J60: 4101-LB
A61: 59 | B61: 1 | C61: RUGINA FARABEUF, CURVA, 15 CM | D61: Farabeuf Rugina, curva, 15cm | E61: 13-599-15 | F61: 81897710018 | G61: 260.19 | H61: 260.19 | I61: FENTEX
A62: 60 | B62: 1 | C62: RUGINA FARABEUF, RETA, 15 CM | D62: Farabeuf Rugina, reta, 15cm | E62: 13-598-15 | F62: 81897710018 | G62: 260.19 | H62: 260.19 | I62: FENTEX
A63: 61 | B63: 1 | C63: RUGINA LAMBOTTE, 20 MM X 21 CM | D63: Rugina Lambotte 21cm, 20mm | E63: 13-627-20 | F63: 81897710018 | G63: 376.14424 | H63: 376.14424 | I63: FENTEX
A64: 62 | B64: 1 | C64: RUGINA, RETA, 19 MM X 20 CM | D64: Rugina raspatória reta, 20cm, 19mm | E64: 13-602-20 | F64: 81897710018 | G64: 946.62293 | H64: 946.62293 | I64: FENTEX
A65: 63 | B65: 2 | C65: CONJUNTO DE CONTAINER, TAMPA COM FILTRO PERMANENTE E CESTO, TAMANHO INTERNO APROXIMADO 430X260X115 MM | D65: Contêiner 3/4 Modelo Padrão Não Perfurado com tampa com filtro labirinto e cesto, 475X272X116mm | E65: FX.21.399 | F65: Isento | G65: 17613.63 | H65: =B65*G65 -> 35227.26 | I65: FENTEX
E66: Total | H66: =SUM(H3:H65) -> 112820.76
A67: CAIXA COLUNA
A68: ITEM | B68: QT | C68: DESCRITIVO FINAL | D68: DESCRITIVO PROPOSTA E CATALOGO | E68: CÓDIGO | F68: ANVISA | G68: UNITÁRIO | H68: TOTAL | I68: MARCA
A69: 1 | B69: 2 | C69: AFASTADOR (AUTOESTÁTICO) BECKMAN ADSON, ARTICULADO, ROMBO, 30 CM | D69: Afastador autostatico articulado Beckmann-Adson 31cm 25,0x40mm 4,0x4,0 Dentes rombos | E69: 09-721-03 | F69: 81897710001 | G69: 2422.1103 | H69: 4844.2207 | I69: FENTEX
A70: 2 | B70: 2 | C70: AFASTADOR VOLKMANN 1 GARRA ROMBA 22 CM | D70: Afastador Volkmann 1 pino romba 22cm | E70: 09-221-01 | F70: 81897710023 | G70: 239.18087 | H70: 478.36174 | I70: FENTEX
A71: 3 | B71: 2 | C71: AFASTADOR VOLKMANN 2 GARRAS ROMBAS 22 CM | D71: Afastador Volkmann 2 pinos romba 22cm | E71: 09-221-02 | F71: 81897710023 | G71: 291.7037 | H71: 583.40739 | I71: FENTEX
A72: 4 | B72: 2 | C72: AFASTADOR VOLKMANN 3 GARRAS ROMBAS 22 CM | D72: Afastador Volkmann 3 pinos romba 22cm | E72: 09-221-03 | F72: 81897710023 | G72: 291.7037 | H72: 583.40739 | I72: FENTEX
A73: 5 | B73: 2 | C73: AFASTADOR VOLKMANN 4 GARRAS ROMBAS 22 CM | D73: Afastador Volkmann 4 pinos romba 22cm | E73: 09-221-04 | F73: 81897710023 | G73: 313.52087 | H73: 627.04174 | I73: FENTEX
A74: 6 | B74: 2 | C74: AFASTADOR AUTOSTATICO 3X4 DENTES ROMBOS, 20 CM | D74: Afastador autostatico Weitlaner 20cm 3,0x4,0 dentes rombos | E74: 09-647-20 | F74: 81897710001 | G74: 1509.8292 | H74: 3019.6585 | I74: FENTEX
A75: 7 | B75: 1 | C75: AFASTADOR FARABEUF, 17 CM | D75: Afastador Farabeuf Conjunto Completo, 17x20cm | E75: 09-576-00 | F75: 81897710021 | G75: 315.54098 | H75: 315.54098 | I75: FENTEX
A76: 8 | B76: 1 | C76: AFASTADOR FARABEUF, 15 CM | D76: Afastador Farabeuf Conjunto Completo, 15cm | E76: 09-575-00 | F76: 81897710023 | G76: 315.54098 | H76: 315.54098 | I76: FENTEX
A77: 9 | B77: 1 | C77: AFASTADOR FARABEUF, 12 CM | D77: Afastador Farabeuf Conjunto Completo, 12cm | E77: 09-573-00 | F77: 81897710023 | G77: 315.54098 | H77: 315.54098 | I77: FENTEX
A78: 10 | B78: 2 | C78: AFASTADOR LANGENBECK 85X15 MM, 22 CM | D78: Afastador Langenbeck 22.5cm 85,0x15mm | E78: 09-287-22 | F78: 81897710023 | G78: 384.22467 | H78: 768.44935 | I78: FENTEX
A79: 11 | B79: 2 | C79: AFASTADOR LANGENBECK, 50X11 MM, 22 CM | D79: Afastador Langenbeck 22cm 50,0x11mm | E79: 09-281-05 | F79: 81897710023 | G79: 269.07848 | H79: 538.15696 | I79: FENTEX
A80: 12 | B80: 2 | C80: AFASTADOR LANGENBECK, 30X16MM, 22 CM | D80: Afastador Langenbeck 22cm 30,0x16mm | E80: 09-281-03 | F80: 81897710023 | G80: 256.95783 | H80: 513.91565 | I80: FENTEX
... A113: 45 | B113: 2 | C113: PINCA LOVE, RETA, 3MM X 18 CM | D113: Lâmina de disco intervertebral Love-Gruenwald, reta, 3x10mm, 18cm | E113: HB1460-18 | F113: 81897710011 | G113: 4938.5463 | H113: 9877.0925 | I113: FENTEX
A114: 46 | B114: 2 | C114: PINCA LOVE, RETA, 3MM X 20 CM | D114: Lâmina de disco intervertebral Love-Gruenwald, reta, 3x10mm, 20cm | E114: FX.62.314 | F114: 81897719006 | G114: 4938.5463 | H114: 9877.0925 | I114: FENTEX | J114: HB1460-20
A115: 47 | B115: 3 | C115: PINCA MIXTER 23 CM | D115: Pinça Mixter, 23cm | E115: 07-439-23 | F115: 81897710001 | G115: 327.66163 | H115: 982.98489 | I115: FENTEX
A116: 48 | B116: 2 | C116: PINCA ROCHESTER, RETA, 18 CM | D116: Pinça Arterial Rochester Pean, Reta, 18cm | E116: 07-310-18 | F116: 81897710001 | G116: 178.57761 | H116: 357.15522 | I116: FENTEX
A117: 49 | B117: 3 | C117: PORTA AGULHA COM VIDEA, 18 CM | D117: Porta-agulhas Mayo-Hegar, com perfil normal, com videa, 18cm | E117: 11-552-18 | F117: 81897710001 | G117: 941.37065 | H117: 2824.112 | I117: FENTEX
A118: 50 | B118: 1 | C118: RUGINA LAMBOTTE CURVA 15 MM X 21 CM | D118: Rugina Lambotte 21cm 15mm | E118: 13-627-15 | F118: 81897710018 | G118: 376.14424 | H118: 376.14424 | I118: FENTEX
A119: 51 | B119: 1 | C119: SACA BOCADO RUSKIN RETO 23 CM | D119: Sacabocado, Ruskin Bone Rongeur, Reta, 23cm | E119: 13-890-23 | F119: 81897710001 | G119: 1843.9552 | H119: 1843.9552 | I119: FENTEX
A120: 52 | B120: 1 | C120: SACA BOCADO RUSKIN CURVO 23 CM | D120: Sacabocado, Ruskin Bone Rongeur, Curva, 23cm | E120: 13-891-23 | F120: 81897710001 | G120: 1878.7011 | H120: 1878.7011 | I120: FENTEX
A121: 53 | B121: 1 | C121: TESOURA METZEMBAUM 23 CM | D121: Tesoura de Dissecação Metzenbaum, 23cm | E121: 05-230-23 | F121: 81897710017 | G121: 226.6562 | H121: 226.6562 | I121: FENTEX
A122: 54 | B122: 1 | C122: TESOURA MAYO CURVA 18 CM | D122: Tesoura de Dissecação Mayo, Curva, 17cm | E122: 05-171-17 | F122: 81897710017 | G122: 151.91217 | H122: 151.91217 | I122: FENTEX
A123: 55 | B123: 1 | C123: TESOURA MAYO RETA 18 CM | D123: Tesoura de Dissecação Mayo, Reta, 17cm | E123: 05-170-17 | F123: 81897710017 | G123: 147.87196 | H123: 147.87196 | I123: FENTEX
A124: 56 | B124: 2 | C124: TESOURA METZEMBAUM 18 CM | D124: Tesoura de Dissecação Metzenbaum, Reta, 18cm | E124: 05-230-18 | F124: 81897710017 | G124: 181.00174 | H124: 362.00348 | I124: FENTEX
A125: 57 | B125: 2 | C125: CONJUNTO DE CONTAINER, TAMPA COM FILTRO PERMANENTE E CESTO, TAMANHO INTERNO APROXIMADO 430X260X115 MM | D125: Contêiner 3/4 Modelo Padrão Não Perfurado com tampa com filtro labirinto e cesto, 475X272X116mm | E125: FX.21.399 | F125: Isento | G125: 17613.63 | H125: =B125*G125 -> 35227.26 | I125: FENTEX
E126: Total | H126: =SUM(H69:H125) -> 109431.32
A127: CAIXA PÉ E TORNOZELO
A128: ITEM | B128: QT | C128: DESCRITIVO FINAL | D128: DESCRITIVO PROPOSTA E CATALOGO | E128: CÓDIGO | F128: ANVISA | G128: UNITÁRIO | H128: TOTAL | I128: MARCA
A129: 1 | B129: 2 | C129: TESOURA METZENBAUM, DELICADA, CURVA, 14 CM | D129: Tesoura de Dissecação Metzenbaum delicada Romba/Romba, Curva 14.5cm | E129: 05-287-14 | F129: 81897710017 | G129: 154.74033 | H129: =G129*B129 -> 309.48065 | I129: FENTEX
A130: 2 | B130: 2 | C130: TESOURA METZENBAUM, DELICADA, RETA, 14 CM | D130: Tesoura de Dissecação Metzenbaum delicada Romba/Romba, Reta 14.5cm | E130: 05-286-14 | F130: 81897710017 | G130: 151.50815 | H130: =G130*B130 -> 303.0163 | I130: FENTEX
A131: 3 | B131: 2 | C131: TESOURA MAYO RETA , 14 CM | D131: Tesoura de Dissecação Mayo Reta 14.5cm | E131: 05-170-14 | F131: 81897710017 | G131: 116.76228 | H131: =G131*B131 -> 233.52457 | I131: FENTEX
A132: 4 | B132: 2 | C132: TESOURA MAYO CURVA, 14 CM | D132: Tesoura de Dissecação Mayo Curva 14.5cm | E132: 05-171-14 | F132: 81897710017 | G132: 120.39848 | H132: =G132*B132 -> 240.79696 | I132: FENTEX
A133: 5 | B133: 2 | C133: PINÇA ANATÔMICA 14 CM | D133: Pinca anatomica 14.5cm | E133: 06-100-14 | F133: 81897710023 | G133: 105.8537 | H133: =G133*B133 -> 211.70739 | I133: FENTEX
A134: 6 | B134: 2 | C134: PINÇA DENTE DE RATO, 14 CM | D134: Pinca anatomica dente de rato 14.5cm | E134: 06-250-14 | F134: 81897710023 | G134: 110.29793 | H134: =G134*B134 -> 220.59587 | I134: FENTEX
A135: 7 | B135: 2 | C135: PINÇA ADSON COM DENTE , 12 CM | D135: Pinca Adson, com dente12cm | E135: 06-270-12 | F135: 81897710023 | G135: 109.08587 | H135: =G135*B135 -> 218.17174 | I135: FENTEX
A136: 8 | B136: 2 | C136: PINÇA ADSON SEM DENTE ,12 CM | D136: Pinca Adson, sem dente, 12cm | E136: 06-132-12 | F136: 81897710023 | G136: 105.44967 | H136: =G136*B136 -> 210.89935 | I136: FENTEX
A137: 9 | B137: 3 | C137: ELEVADOR PERIOSTEAL FREER , 6 MM X 19 CM | D137: Elevador periosteal Freer Reto afiados /Rombo, 18cm 6mm | E137: 23-556-18 | F137: 81897710018 | G137: 343.8225 | H137: =G137*B137 -> 1031.4675 | I137: FENTEX
A138: 10 | B138: 1 | C138: ELEVADOR PERIOSTEAL KEY , 15 MM X 19 CM | D138: Elevador Periosteal Key, 15mmx19cm | E138: FX.62.315 | F138: 81897719006 | G138: 1318.9335 | H138: =G138*B138 -> 1318.9335 | I138: FENTEX | J138: HB3614-15
A139: 11 | B139: 1 | C139: ELEVADOR PERIOSTEAL KEY , 19 MM X 19 CM | D139: Elevador Periosteal Key, 19mmx19cm | E139: HB3614-19 | F139: 81897710010 | G139: 1318.9335 | H139: =G139*B139 -> 1318.9335 | I139: FENTEX
A140: 12 | B140: 1 | C140: CURETA VOLKMANN, 5 MM , 17 CM | D140: Cureta óssea Volkmann, 5,5mm, 17cm n 0 | E140: HB3503 | F140: 81897710010 | G140: 896.71278 | H140: =G140*B140 -> 896.71278 | I140: FENTEX
A141: 13 | B141: 1 | C141: CURETA VOLKMANN, 8 MM, 17 CM | D141: Cureta óssea Volkmann, 8mm, 17cm n 2 | E141: HB3505 | F141: 81897710010 | G141: 896.71278 | H141: =G141*B141 -> 896.71278 | I141: FENTEX
A142: 14 | B142: 1 | C142: CURETA VOLKMANN, 11 MM, 17 CM | D142: Cureta óssea Volkmann, 11,6mm, 17cm n 4 | E142: HB3507 | F142: 81897710010 | G142: 896.71278 | H142: =G142*B142 -> 896.71278 | I142: FENTEX
A143: 15 | B143: 1 | C143: CURETA VOLKMANN, 14 MM, 17 CM | D143: Cureta óssea Volkmann, 13,8mm, 17cm n 6 | E143: HB3509 | F143: 81897710010 | G143: 896.71278 | H143: =G143*B143 -> 896.71278 | I143: FENTEX
A144: 16 | B144: 1 | C144: MARTELO ORTOPÉDICO, 300GR, 25 CM | D144: Martelo Bergmann 300g 24cm | E144: 13-400-24 | F144: 81897710023 | G144: 1120.7563 | H144: =G144*B144 -> 1120.7563 | I144: FENTEX
A145: 17 | B145: 1 | C145: MARTELO ORTOPÉDICO, 500GR, 25 CM | D145: Martelo Ombredanne 550g 24cm | E145: 13-404-24 | F145: 81897710023 | G145: 1063.7892 | H145: =G145*B145 -> 1063.7892 | I145: FENTEX
A146: 18 | B146: 1 | C146: OSTEÓTOMO LAMBOTTE, RETO, 3 MM X 17 CM | D146: Formao Lambotte Osteótomo 17cm, 3mm - reto | E146: 13-342-03 | F146: 81897710018 | G146: 223.42402 | H146: =G146*B146 -> 223.42402 | I146: FENTEX
A147: 19 | B147: 1 | C147: OSTEÓTOMO LAMBOTTE, RETO, 4 MM X 17 CM | D147: Formao Lambotte Osteótomo 17cm, 4mm - reto | E147: 13-342-04 | F147: 81897710018 | G147: 223.42402 | H147: =G147*B147 -> 223.42402 | I147: FENTEX
A148: 20 | B148: 1 | C148: OSTEÓTOMO LAMBOTTE, RETO, 6 MM X 17 CM | D148: Formao Lambotte Osteótomo 17cm, 6mm - reto | E148: 13-342-06 | F148: 81897710018 | G148: 228.6763 | H148: =G148*B148 -> 228.6763 | I148: FENTEX
A149: 21 | B149: 1 | C149: OSTEÓTOMO LAMBOTTE, RETO, 10 MM X 17 CM | D149: Formao Lambotte Osteótomo 17cm, 10mm - reto | E149: 13-342-10 | F149: 81897710018 | G149: 246.85728 | H149: =G149*B149 -> 246.85728 | I149: FENTEX
A150: 22 | B150: 1 | C150: OSTEÓTOMO LAMBOTTE, CURVO, 6 MM X 17 CM | D150: Osteótomo Lambotte, curvo, 6mm, 17cm | E150: HB3470-06G | F150: 81897710010 | G150: 419.64391 | H150: =G150*B150 -> 419.64391 | I150: FENTEX
... A179: 51 | B179: 1 | C179: AFASTADOR WEITLANER, 3X4 DENTES ROMBOS, 20 CM | D179: Afastador Weitlaner 20cm 3,0x4,0 dentes rombos | E179: 09-647-20 | F179: 81897710001 | G179: 1509.8292 | H179: =G179*B179 -> 1509.8292 | I179: FENTEX
A180: 52 | B180: 2 | C180: DISTRATOR HINTERMANN PEQUENO | D180: Distrator Osseo Pequeno Hintermann, para pinos 1.6 a 2.4mm, 15cm | E180: FX.62.312 | F180: 81897719006 | G180: 1692.4022 | H180: =G180*B180 -> 3384.8043 | I180: FENTEX | J180: 4210-SB
A181: 53 | B181: 2 | C181: DISTRATOR HINTERMANN MÉDIO | D181: Distrator Osseo Grande Hintermann, para pinos 1.6 a 2.4mm, 20cm | E181: FX.62.313 | F181: 81897719006 | G181: 1812.262 | H181: =G181*B181 -> 3624.5239 | I181: FENTEX | J181: 4101-LB
A182: 54 | B182: 2 | C182: SACABOCADO DELICADO , RUSKIN, RETO, 18 CM | D182: Sacabocado, Ruskin Bone Rongeur Reta 18cm delicado | E182: 13-890-18 | F182: 81897710001 | G182: 1719.5165 | H182: =G182*B182 -> 3439.033 | I182: FENTEX
A183: 55 | B183: 2 | C183: SACABOCADO DELICADO , RUSKIN, CURVO, 18 CM | D183: Sacabocado, Raskin Bone Rongeur Curva 18cm delicado | E183: 13-891-18 | F183: 81897710001 | G183: 1749.4141 | H183: =G183*B183 -> 3498.8283 | I183: FENTEX
A184: 56 | B184: 2 | C184: PINÇA DE REDUÇÃO TIPO WEBER, 20 CM | D184: Pinça de Redução Weber 20cm | E184: 13-770-20 | F184: 81897710001 | G184: 974.90446 | H184: =G184*B184 -> 1949.8089 | I184: FENTEX
A185: 57 | B185: 2 | C185: PINÇA DE REDUÇÃO TIPO WEBER, 13.5 CM | D185: Pinça de Redução Weber 13.5cm | E185: 13-801-13 | F185: 81897710001 | G185: 449.27217 | H185: =G185*B185 -> 898.54435 | I185: FENTEX
A186: 58 | B186: 1 | C186: PINÇA FIXAÇÃO ÓSSEA, 16 CM | D186: Pinças Autocentrantes Com Fixação por Rosca 15cm 2.5mm | E186: 13-829-15 | F186: 81897710001 | G186: 1254.0835 | H186: =G186*B186 -> 1254.0835 | I186: FENTEX
A187: 59 | B187: 1 | C187: PINÇA FIXAÇÃO ÓSSEA, 18 CM | D187: Pinças Autocentrantes Com Fixação de Rosca 19cm 6.5mm | E187: 13-829-19 | F187: 81897710001 | G187: 1710.628 | H187: =G187*B187 -> 1710.628 | I187: FENTEX
A188: 60 | B188: 1 | C188: PINÇA FIXAÇÃO ÓSSEA, 24 CM | D188: Pinças Autocentrantes Com Fixação por Rosca 24cm 9.5mm | E188: 13-829-24 | F188: 81897710001 | G188: 1938.4963 | H188: =G188*B188 -> 1938.4963 | I188: FENTEX
A189: 61 | B189: 4 | C189: CLAMP ORTOPÉDICO, ESPANHOLA, 16 CM | D189: Pinça Espanhola, de Fixação de Osso Setter, 16cm | E189: 13-795-16 | F189: 81897710001 | G189: 1217.7215 | H189: =G189*B189 -> 4870.8861 | I189: FENTEX
...

Sheet proposta RESUMIDA
A2: ITEM | B2: ESPECIFICAÇÃO | C2: CATMAT | D2: SIAFISICO | E2: UNIDADE DE MEDIDA | F2: QUANTIDADE TOTAL | G2: VALOR UNITÁRIO | H2: VALOR TOTAL | I2: unt | J2: total | K2: fator
A3: 1 | B3: Caixa cirurgia Ortopedia Infantil e Reconstrução, conforme descritivo do item 3 do termo de referência. Procedencia: Estados Unidos Marca/Fabricante:FENTEX/FENTEX SURGICAL e PRIME (nacional) Código e RMS: Diversos, conforme descrito na proposta e no catálogo. | C3: 395938 | D3: 5153298 | E3: UN | F3: 1 | G3: 125800 | H3: =G3*F3 -> 125800 | I3: 125792.84 | J3: =I3*F3 -> 125792.84 | K3: 3.84 | L3: 132288
A4: 2 | B4: Caixa cirurgia Coluna, conforme descritivo do item 3 do termo de referência. Procedencia: Estados Unidos. Marca/Fabricante: FENTEX/FENTEX SURGICAL. Código e RMS: Diversos, conforme descrito na proposta e no catálogo. | C4: 395938 | D4: 5745659 | E4: UN | F4: 1 | G4: 116940 | H4: =G4*F4 -> 116940 | I4: 116942.26 | J4: =I4*F4 -> 116942.26 | K4: 3.76 | L4: 118798
A5: 3 | B5: Caixa cirurgia Pé e Tornozelo, conforme descritivo do item 3 do termo de referência. Procedencia: Estados Unidos. Marca/Fabricante: FENTEX/FENTEX SURGICAL. Código e RMS: Diversos, conforme descritona proposta e no catálogo. | C5: 395938 | D5: 5745640 | E5: UN | F5: 3 | G5: 160960 | H5: =G5*F5 -> 482880 | I5: 160917.91 | J5: =I5*F5 -> 482753.73 | K5: 4.02 | L5: 165581
A6: 5 | B6: Caixa cirurgia Ombro, conforme descritivo do item 3 do termo de referência. Procedencia: Estados Unidos. Marca/Fabricante: FENTEX/FENTEX SURGICAL. Código e RMS: Diversos, conforme descrito na proposta e no catálogo. | C6: 395939 | D6: 5826560 | E6: UN | F6: 2 | G6: 62270 | H6: =G6*F6 -> 124540 | I6: 62176.69 | J6: =I6*F6 -> 124353.38 | K6: 4.24 | L6: 69151
A7: 6 | B7: Caixa cirurgia Prótese Total de Quadril, conforme descritivo do item 3 do termo de referência. Procedencia: Estados Unidos. Marca/Fabricante: FENTEX/FENTEX SURGICAL. Código e RMS: Diversos, conforme descrito na proposta e no catálogo. | C7: 395938 | D7: 5825601 | E7: UN | F7: 4 | G7: 75080 | H7: =G7*F7 -> 300320 | I7: 74983.03 | J7: =I7*F7 -> 299932.12 | K7: 4.76 | L7: 85572
G8: TOTAL | H8: =SUM(H3:H7) -> 1150480 | J8: =SUM(J3:J7) -> 1149774.3

Sheet Planilha5
A2: ITEM | B2: ESPECIFICAÇÃO | C2: CATMAT | D2: SIAFISICO | E2: UNIDADE DE MEDIDA | F2: QUANTIDADE TOTAL | G2: VALOR UNITÁRIO | H2: VALOR TOTAL | I2: unt | J2: total | K2: fator
A3: 2 | B3: Caixa cirurgia Coluna, conforme descritivo do item 3 do termo de referência. Procedencia: Estados Unidos. Marca/Fabricante: FENTEX/FENTEX SURGICAL. Código e RMS: Diversos, conforme descrito na proposta e no catálogo. | C3: 395938 | D3: 5745659 | E3: UN | F3: 1 | G3: 116940 | H3: =G3*F3 -> 116940 | I3: 116942.26 | J3: =I3*F3 -> 116942.26 | K3: 3.76 | L3: 118798
A4: 3 | B4: Caixa cirurgia Pé e Tornozelo, conforme descritivo do item 3 do termo de referência. Procedencia: Estados Unidos. Marca/Fabricante: FENTEX/FENTEX SURGICAL. Código e RMS: Diversos, conforme descritona proposta e no catálogo. | C4: 395938 | D4: 5745640 | E4: UN | F4: 3 | G4: 160960 | H4: =G4*F4 -> 482880 | I4: 160917.91 | J4: =I4*F4 -> 482753.73 | K4: 4.02 | L4: 165581
A5: 5 | B5: Caixa cirurgia Ombro, conforme descritivo do item 3 do termo de referência. Procedencia: Estados Unidos. Marca/Fabricante: FENTEX/FENTEX SURGICAL. Código e RMS: Diversos, conforme descrito na proposta e no catálogo. | C5: 395939 | D5: 5826560 | E5: UN | F5: 2 | G5: 62270 | H5: =G5*F5 -> 124540 | I5: 62176.69 | J5: =I5*F5 -> 124353.38 | K5: 4.24 | L5: 69151
A6: 6 | B6: Caixa cirurgia Prótese Total de Quadril, conforme descritivo do item 3 do termo de referência. Procedencia: Estados Unidos. Marca/Fabricante: FENTEX/FENTEX SURGICAL. Código e RMS: Diversos, conforme descrito na proposta e no catálogo. | C6: 395938 | D6: 5825601 | E6: UN | F6: 4 | G6: 75080 | H6: =G6*F6 -> 300320 | I6: 74983.03 | J6: =I6*F6 -> 299932.12 | K6: 4.76 | L6: 85572
G7: TOTAL | H7: =SUM(H3:H6) -> 1024680 | J7: =SUM(J3:J6) -> 1023981.5
H10: 1024680

Sheet PROPOSTA ITEM A ITEM
C1: ITEM 1: CAIXA ORTOPEDIA INFANTIL E RECONSTRUÇÃO
A2: ITEM | B2: QT | C2: DESCRITIVO | D2: CÓDIGO | E2: ANVISA | F2: MARCA
A3: 1 | B3: 2 | C3: Afastador Langenbeck, 22cm 30x11mm | D3: 09-281-01 | E3: 81897710023 | F3: FENTEX
A4: 2 | B4: 2 | C4: Afastador Langenbeck, 22cm 50x11mm | D4: 09-281-05 | E4: 81897710023 | F4: FENTEX
A5: 3 | B5: 1 | C5: Afastador Farabeuf Conjunto Completo, 12cm | D5: 09-573-00 | E5: 81897710023 | F5: FENTEX
A6: 4 | B6: 1 | C6: Afastador Farabeuf Conjunto Completo, 17x20cm | D6: 09-576-00 | E6: 81897710021 | F6: FENTEX
A7: 5 | B7: 4 | C7: Pinça Allis, Atraumatica, Delicada, 16cm | D7: 18-110-16 | E7: 81897710001 | F7: FENTEX
A8: 6 | B8: 4 | C8: Pinça Allis, 5x6 dentes, 15cm | D8: 18-104-15 | E8: 81897710001 | F8: FENTEX
A9: 7 | B9: 4 | C9: Porta Agulha forte 18cm com videa | D9: 13-190-12 | E9: 81897710001 | F9: FENTEX
A10: 8 | B10: 1 | C10: Sacabocado Ruskin-Mini Bone Rongeur, delicado, Reta, 15cm, 3mm | D10: 13-898-15 | E10: 81897710001 | F10: FENTEX
A11: 9 | B11: 1 | C11: Sacabocado Ruskin Bone Rongeur, curva, 23cm | D11: 13-891-23 | E11: 81897710001 | F11: FENTEX
A12: 10 | B12: 2 | C12: Afastador Spreader Pequeno, 16.5cm | D12: 15-605-16 | E12: 81897710001 | F12: FENTEX
A13: 11 | B13: 2 | C13: Afastador Spreader Grande, 27cm | D13: 15-605-27 | E13: 81897710001 | F13: FENTEX
A14: 12 | B14: 1 | C14: Formao Lambotte Osteótomo 17cm, 6mm - reto | D14: 13-342-06 | E14: 81897710018 | F14: FENTEX
... A23: 21 | B23: 1 | C23: Smith-Petersen Osteótomo, Curvo, 20cm, 19mm | D23: 13-321-19 | E23: 81897710018 | F23: FENTEX
A24: 22 | B24: 1 | C24: Afastador Norte Sul para quadril | D24: 11602 | E24: 81087610008 | F24: PRIME
A25: 23 | B25: 2 | C25: Porta-agulhas Crilewood,delicado, com videa, 15cm | D25: 11-604-15 | E25: 81897710001 | F25: FENTEX
A26: 24 | B26: 2 | C26: Porta agulha forte, 18cm, com videa | D26: 13-190-12 | E26: 81897710001 | F26: FENTEX
A27: 25 | B27: 2 | C27: Tesoura para gesso Lister, 18cm | D27: 05-830-18 | E27: 81897710017 | F27: FENTEX
A28: 26 | B28: 1 | C28: Pinça Echlin Bone Rongeur, 23cm, 3mm | D28: 13-900-03 | E28: 81897710001 | F28: FENTEX
A29: 27 | B29: 1 | C29: Pinça de gesso Wolff 18cm | D29: 12-220-18 | E29: 81897710001 | F29: FENTEX
A30: 28 | B30: 1 | C30: Pinça de gesso Wolff, 24cm | D30: 12-220-24 | E30: 81897710001 | F30: FENTEX
A31: 29 | B31: 1 | C31: Descolador Dingman (Molt), 6.5mm,18cm | D31: HB5618-18 | E31: 81897710012 | F31: FENTEX
A32: 30 | B32: 1 | C32: Descolador Cobb, 28cm 13mm | D32: 13-670-02 | E32: 81897710018 | F32: FENTEX
A33: 31 | B33: 1 | C33: Descoaldor Cobb, 28cm 19mm | D33: 13-670-03 | E33: 81897710018 | F33: FENTEX
A34: 32 | B34: 1 | C34: Cureta Óssea Volkmann 17cm, n 000 | D34: 13-502-30 | E34: 81897710018 | F34: FENTEX
A35: 33 | B35: 1 | C35: Cureta Óssea Volkmann 17cm, n 00 | D35: 13-502-20 | E35: 81897710018 | F35: FENTEX
A36: 34 | B36: 1 | C36: Cureta Óssea Volkmann 17cm, n 0 | D36: 13-502-10 | E36: 81897710018 | F36: FENTEX
... A64: 62 | B64: 1 | C64: Rugina raspatória reta, 20cm, 19mm | D64: 13-602-20 | E64: 81897710018 | F64: FENTEX
A65: 63 | B65: 2 | C65: Contêiner 3/4 Modelo Padrão Não Perfurado com tampa com filtro labirinto e cesto, 475X272X116mm | D65: FX.21.399 | E65: Isento | F65: FENTEX
C66: CAIXA COLUNA
A67: ITEM | B67: QT | C67: DESCRITIVO | D67: CÓDIGO | E67: ANVISA | F67: MARCA
A68: 1 | B68: 2 | C68: Afastador autostatico articulado Beckmann-Adson 31cm 25,0x40mm 4,0x4,0 Dentes rombos | D68: 09-721-03 | E68: 81897710001 | F68: FENTEX
A69: 2 | B69: 2 | C69: Afastador Volkmann 1 pino romba 22cm | D69: 09-221-01 | E69: 81897710023 | F69: FENTEX
A70: 3 | B70: 2 | C70: Afastador Volkmann 2 pinos romba 22cm | D70: 09-221-02 | E70: 81897710023 | F70: FENTEX
A71: 4 | B71: 2 | C71: Afastador Volkmann 3 pinos romba 22cm | D71: 09-221-03 | E71: 81897710023 | F71: FENTEX
A72: 5 | B72: 2 | C72: Afastador Volkmann 4 pinos romba 22cm | D72: 09-221-04 | E72: 81897710023 | F72: FENTEX
A73: 6 | B73: 2 | C73: Afastador autostatico Weitlaner 20cm 3,0x4,0 dentes rombos | D73: 09-647-20 | E73: 81897710001 | F73: FENTEX
A74: 7 | B74: 1 | C74: Afastador Farabeuf Conjunto Completo, 17x20cm | D74: 09-576-00 | E74: 81897710021 | F74: FENTEX
A75: 8 | B75: 1 | C75: Afastador Farabeuf Conjunto Completo, 15cm | D75: 09-575-00 | E75: 81897710023 | F75: FENTEX
A76: 9 | B76: 1 | C76: Afastador Farabeuf Conjunto Completo, 12cm | D76: 09-573-00 | E76: 81897710023 | F76: FENTEX
A77: 10 | B77: 2 | C77: Afastador Langenbeck 22.5cm 85,0x15mm | D77: 09-287-22 | E77: 81897710023 | F77: FENTEX
A78: 11 | B78: 2 | C78: Afastador Langenbeck 22cm 50,0x11mm | D78: 09-281-05 | E78: 81897710023 | F78: FENTEX
A79: 12 | B79: 2 | C79: Afastador Langenbeck 22cm 30,0x16mm | D79: 09-281-03 | E79: 81897710023 | F79: FENTEX
... A123: 56 | B123: 2 | C123: Tesoura de Dissecação Metzenbaum, Reta, 18cm | D123: 05-230-18 | E123: 81897710017 | F123: FENTEX
A124: 57 | B124: 2 | C124: Contêiner 3/4 Modelo Padrão Não Perfurado com tampa com filtro labirinto e cesto, 475X272X116mm | D124: FX.21.399 | E124: Isento | F124: FENTEX
C125: CAIXA PÉ E TORNOZELO
A126: ITEM | B126: QT | C126: DESCRITIVO | D126: CÓDIGO | E126: ANVISA | F126: MARCA
A127: 1 | B127: 2 | C127: Tesoura de Dissecação Metzenbaum delicada Romba/Romba, Curva 14.5cm | D127: 05-287-14 | E127: 81897710017 | F127: FENTEX
A128: 2 | B128: 2 | C128: Tesoura de Dissecação Metzenbaum delicada Romba/Romba, Reta 14.5cm | D128: 05-286-14 | E128: 81897710017 | F128: FENTEX
A129: 3 | B129: 2 | C129: Tesoura de Dissecação Mayo Reta 14.5cm | D129: 05-170-14 | E129: 81897710017 | F129: FENTEX
A130: 4 | B130: 2 | C130: Tesoura de Dissecação Mayo Curva 14.5cm | D130: 05-171-14 | E130: 81897710017 | F130: FENTEX
A131: 5 | B131: 2 | C131: Pinca anatomica 14.5cm | D131: 06-100-14 | E131: 81897710023 | F131: FENTEX
A132: 6 | B132: 2 | C132: Pinca anatomica dente de rato 14.5cm | D132: 06-250-14 | E132: 81897710023 | F132: FENTEX
A133: 7 | B133: 2 | C133: Pinca Adson, com dente12cm | D133: 06-270-12 | E133: 81897710023 | F133: FENTEX
A134: 8 | B134: 2 | C134: Pinca Adson, sem dente, 12cm | D134: 06-132-12 | E134: 81897710023 | F134: FENTEX
A135: 9 | B135: 3 | C135: Elevador periosteal Freer Reto afiados /Rombo, 18cm 6mm | D135: 23-556-18 | E135: 81897710018 | F135: FENTEX
A136: 10 | B136: 1 | C136: Elevador Periosteal Key, 15mmx19cm | D136: FX.62.315 | E136: 81897719006 | F136: FENTEX
A137: 11 | B137: 1 | C137: Elevador Periosteal Key, 19mmx19cm | D137: HB3614-19 | E137: 81897710010 | F137: FENTEX
A138: 12 | B138: 1 | C138: Cureta óssea Volkmann, 5,5mm, 17cm n 0 | D138: HB3503 | E138: 81897710010 | F138: FENTEX
... A207: 81 | B207: 1 | C207: Formao Lambotte Osteótomo Curvo 23cm 50mm | D207: 13-347-50 | E207: 81897710018 | F207: FENTEX
A208: 82 | B208: 4 | C208: Contêiner 3/4 Modelo Padrão Não Perfurado com tampa com filtro labirinto e cesto, 475X272X116mm | D208: FX.21.399 | E208: Isento | F208: FENTEX
C209: CAIXA OMBRO
A210: ITEM | B210: QT | C210: DESCRITIVO | D210: CÓDIGO | E210: ANVISA | F210: MARCA
A211: 1 | B211: 2 | C211: Pinca Anatomica 16cm | D211: 06-100-16 | E211: 81897710023 | F211: FENTEX
A212: 2 | B212: 2 | C212: Pinca anatomica dente de rato 16cm | D212: 06-250-16 | E212: 81897710023 | F212: FENTEX
A213: 3 | B213: 1 | C213: Pinca Adson, com dente 15cm | D213: 06-270-15 | E213: 81897710023 | F213: FENTEX
A214: 4 | B214: 6 | C214: Pinça Arterial Kelly-Rankin, Reta, 16cm | D214: 07-234-16 | E214: 81897710001 | F214: FENTEX
A215: 5 | B215: 6 | C215: Pinça Arterial Kelly-Rankin, Curva, 16cm | D215: 07-235-16 | E215: 81897710001 | F215: FENTEX
A216: 6 | B216: 4 | C216: Pinça Arterial Kocher, Curva, 16cm | D216: 07-321-16 | E216: 81897710001 | F216: FENTEX
A217: 7 | B217: 4 | C217: Pinça Faure, Curva, 20cm | D217: 07-573-20 | E217: 81897710001 | F217: FENTEX
A218: 8 | B218: 2 | C218: Afastador Farabeuf Conjunto Completo, 15cm | D218: 09-575-00 | E218: 81897710023 | F218: FENTEX
A219: 9 | B219: 2 | C219: Afastador Kocher 23cm 60,0x20mm | D219: 09-295-20 | E219: 81897710023 | F219: FENTEX
A220: 10 | B220: 2 | C220: Afastador Kocher 23cm 75,0x30mm | D220: 09-295-30 | E220: 81897710023 | F220: FENTEX
A221: 11 | B221: 2 | C221: Afastador Richardson, 24x22mm, 24cm | D221: HB3101 | E221: 81897710012 | F221: FENTEX
A222: 12 | B222: 2 | C222: Afastador Richardson, 30x30mm, 24cm | D222: HB3102 | E222: 81897710012 | F222: FENTEX
... A242: 32 | B242: 4 | C242: Pinça Backhaus, 13cm | D242: 07-681-13 | E242: 81897710001 | F242: FENTEX
A243: 33 | B243: 1 | C243: Contêiner 3/4 Modelo Padrão Não Perfurado com tampa com filtro labirinto e cesto, 475X272X116mm | D243: FX.21.399 | E243: Isento | F243: FENTEX
C244: CAIXA DE PRÓTESE TOTAL DE QUADRIL
A245: ITEM | B245: QT | C245: DESCRITIVO | D245: CÓDIGO | E245: ANVISA | F245: MARCA
A246: 1 | B246: 2 | C246: Pinca Anatonica, 18cm | D246: 06-100-18 | E246: 81897710023 | F246: FENTEX
A247: 2 | B247: 2 | C247: Pinca anatomica dente de rato 18cm | D247: 06-250-18 | E247: 81897710023 | F247: FENTEX
A248: 3 | B248: 2 | C248: Pinca anatomica dente de rato 25cm | D248: 06-250-25 | E248: 81897710023 | F248: FENTEX
A249: 4 | B249: 2 | C249: Mayo Hegar Porta Agulha, 14cm, com videa - TC | D249: FX.18.436 | E249: 81897719003 | F249: FENTEX
A250: 5 | B250: 2 | C250: Porta-agulhas Mayo-Hegar, com perfil normal, com videa, 20cm | D250: 11-552-20 | E250: 81897710001 | F250: FENTEX
A251: 6 | B251: 5 | C251: Pinça Arterial Kelly, Curva, 14cm | D251: 07-231-14 | E251: 81897710001 | F251: FENTEX
A252: 7 | B252: 5 | C252: Pinça Arterial Kelly, Reta, 16cm | D252: 07-234-16 | E252: 81897710001 | F252: FENTEX
A253: 8 | B253: 5 | C253: Pinça Allis, 5x6 dentes, 19cm | D253: 18-104-19 | E253: 81897710001 | F253: FENTEX
A254: 9 | B254: 5 | C254: Pinça Backhaus, 13cm | D254: 07-681-13 | E254: 81897710001 | F254: FENTEX
A255: 10 | B255: 1 | C255: Pinça Cheron 25cm | D255: 08-184-25 | E255: 81897710001 | F255: FENTEX
A256: 11 | B256: 4 | C256: Pinça Mixter, 22cm | D256: 07-437-22 | E256: 81897710001 | F256: FENTEX
A257: 12 | B257: 4 | C257: Pinça Arterial Rochester, Curva, 24cm | D257: 07-311-24 | E257: 81897710001 | F257: FENTEX
... A285: 40 | B285: 1 | C285: Martelo Ombredanne, 550g, 24cm | D285: 13-404-24 | E285: 81897710023 | F285: FENTEX
A286: 41 | B286: 1 | C286: Contêiner 3/4 Modelo Padrão Não Perfurado com tampa com filtro labirinto e cesto, 475X272X138mm | D286: FX.21.400 | E286: Isento | F286: FENTEX

Sheet Planilha2
D8: PROPOSTA COMERCIAL
B12: Cliente | C12: IAMSPE | E12: Data:
B13: A/C | E13: Numero | F13: CTCXXX.25
B15: Cont | C15: QTD | D15: Caixa de Instrumental | E15: Valor por Caixa | F15: Valor Total
B16: 1 | C16: 1 | D16: CAIXA ORTOPEDIA INFANTIL E RECONSTRUÇÃO | E16: =cotação!H66 -> 112820.76 | F16: =C16*E16 -> 112820.76
B17: 2 | C17: 1 | D17: CAIXA COLUNA | E17: =cotação!H126 -> 109431.32 | F17: =C17*E17 -> 109431.32
B18: 3 | C18: 3 | D18: CAIXA PÉ E TORNOZELO | E18: =cotação!H211 -> 140964.97 | F18: =C18*E18 -> 422894.91
B19: 4 | C19: 2 | D19: CAIXA PRÓTESE TOTAL JOELHO | E19: =cotação!H253 -> 43947.363 | F19: =C19*E19 -> 87894.726
B20: 5 | C20: 2 | D20: CAIXA DE OMBRO | E20: =cotação!H289 -> 51271.352 | F20: =C20*E20 -> 102542.7
B21: 6 | C21: 4 | D21: CAIXA PRÓTESE TOTAL DE QUADRIL | E21: =cotação!H334 -> 55080.86 | F21: =C21*E21 -> 220323.44
D22: TOTAL | F22: =SUM(F16:F21) -> 1055907.9
B25: CONDIÇÕES COMERCIAIS:
B27: Marca | D27: Fentex
B28: Procedencia | D28: Estados Unidos (Frete e IPI inclusos)
B29: Prazo de Entrega | D29: 120 dias
B30: Prazo de Pagamento | D30: 28 dias
B31: Validade da Proposta | D31: 60 dias
B33: Garantia de 10 anos contra defeito de fabricação
B35: OBSERVAÇÕES:
B38: COMPOSIÇÕES DAS CAIXAS:

Sheet Planilha4
A2: ITEM | B2: ESPECIFICAÇÃO | C2: CATMAT | D2: SIAFISICO | E2: UNIDADE DE MEDIDA | F2: QUANTIDADE TOTAL
A3: 1 | B3: Caixa cirurgia Ortopedia Infantil e Reconstrução | C3: 395938 | D3: 5153298 | E3: UN | F3: 1
A4: 2 | B4: Caixa cirurgia Coluna | C4: 395938 | D4: 5745659 | E4: UN | F4: 1
A5: 3 | B5: Caixa cirurgia Pé e Tornozelo | C5: 395938 | D5: 5745640 | E5: UN | F5: 3
A6: 4 | B6: Caixa cirurgia Joelho | C6: 395938 | D6: 5151724 | E6: UN | F6: 2
A7: 5 | B7: Caixa cirurgia Ombro | C7: 395939 | D7: 5826560 | E7: UN | F7: 2
A8: 6 | B8: Caixa cirurgia Prótese Total de Quadril | C8: 395938 | D8: 5825601 | E8: UN | F8: 4

Sheet Planilha1
A1: CÓDIGO | B1: ANVISA
A2: 11602 | B2: 81087610008
A3: 18-110-16 | B3: 81897710001
A4: 18-104-15 | B4: 81897710001
A5: 13-190-12 | B5: 81897710001
A6: 13-898-15 | B6: 81897710001
A7: 13-891-23 | B7: 81897710001
A8: 15-605-16 | B8: 81897710001
A9: 15-605-27 | B9: 81897710001
A10: 11-604-15 | B10: 81897710001
A11: 13-190-12 | B11: 81897710001
A12: 13-900-03 | B12: 81897710001
A13: 12-220-18 | B13: 81897710001
A14: 12-220-24 | B14: 81897710001
... A272: FX.62.313 | B272: 81897719006
A273: CÓDIGO | B273: ANVISA
A274: CÓDIGO | B274: ANVISA
A275: CÓDIGO | B275: ANVISA
A276: CÓDIGO | B276: ANVISA
A277: FX.21.399 | B277: Isento
A278: FX.21.399 | B278: Isento
A279: FX.21.399 | B279: Isento
A280: FX.21.399 | B280: Isento
A281: FX.21.400 | B281: Isento
