Workbook

Sheet TR Final (2)
A2: Caixa de Instrumentais Cirúrgicos Cirurgia Geral
A3: ITEM | B3: DESCRITIVO | C3: QTD | D3: CODIGO | E3: REGISTRO ANVISA | F3: MARCA | G3: UNITARIO | H3: TOTAL
A4: 1 | B4: Afastador Farabeuf, par com 2 válvulas duplas de lâmina plana, 12cm | C4: 1
A5: 2 | B5: Afastador Farabeuf, par com 2 válvulas duplas de lâmina plana, 15cm | C5: 1
A6: 3 | B6: Alfinete de Segurança Mayo, 14cm | C6: 4
A7: 4 | B7: Conjunto com pleto de Aspiração Yankauer, contendo: 04 canulas intercambiáveis, oliva e cabo com apoio digital, 27cm | C7: 1
A8: 5 | B8: Cabo de bisturi nº 3, graduado em centímetros, 12cm | C8: 1
A9: 6 | B9: Cabo de bisturi nº 4, Standard, 12cm | C9: 1
A10: 7 | B10: Afastador Balfour, garras laterais aramadas com 100mm x 35mm, hastes curvas, abertura de 200mm, Acompanha válvula central plana com 100mm x 60mm | C10: 1
A11: 8 | B11: Pinça Allis, pontas retas c/ 5 x 6 dentes, 15cm | C11: 3
A12: 9 | B12: Pinça Allis, pontas retas c/ 5 x 6 dentes, 19cm | C12: 3
A13: 10 | B13: Pinça Anatômica Standard, pontas retas, largas com 1 x 2 dentes, 20cm | C13: 2
A14: 11 | B14: Pinça Babcok, pontas retas c/ conchas pequenas,fenestradas e wídia TC, 20cm | C14: 1
A15: 12 | B15: Pinça Toalha Backhaus, 13cm | C15: 10
... A44: 41 | B44: Conjunto de Container Sólido, tamanho 3/4, dimensões internas aproximadas 430x260x115 mm, inclui tampa, cesto e duas unidades de plaqueta de identificação | C44: 1
C45: =SUM(C4:C44) -> 94 | F45: TOTAL
A47: Caixa de Instrumentais Cirúrgicos Cirurgia Pediátrica
A48: ITEM | B48: DESCRITIVO | C48: QTD | D48: CODIGO | E48: REGISTRO ANVISA | F48: MARCA | G48: UNITARIO | H48: TOTAL
A49: 1 | B49: Alfinete de Segurança Mayo, 14cm | C49: 4
A50: 2 | B50: Bacia Redonda, 100 x 50mm | C50: 1
A51: 3 | B51: Afastador Mini-Langebeck, lâmina de 10mm x 6mm, 16cm | C51: 1
A52: 4 | B52: Pinça Cheron, pontas retas e serrilhadas, formato baioneta, 25cm | C52: 1
A53: 5 | B53: Pinça Foerster, pontas retas, com anéis fenestrados e serrilhados, 25cm | C53: 1
A54: 6 | B54: Pinça Foerster, pontas curvas, com anéis fenestrados e serrilhados, 25cm | C54: 1
A55: 7 | B55: Pinça Anatômica Standard, pontas retas, largas com 1 x 2 dentes, 16cm | C55: 1
A56: 8 | B56: Pinça Anatômica Standard, pontas retas, largas e serrilhadas, 16cm | C56: 1
A57: 9 | B57: Pinça Anatômica Standard, pontas retas, largas com 1 x 2 dentes, 14.5cm | C57: 2
A58: 10 | B58: Afastador Farabeuf, par com 2 válvulas duplas de lâmina plana, 15cm | C58: 1
A59: 11 | B59: Afastador Farabeuf, par com 2 válvulas duplas de lâmina plana, 12cm | C59: 1
A60: 12 | B60: Pinça Anatômica Adson, pontas retas, finas com 1 x 2 dentes, 15cm | C60: 1
... A81: 33 | B81: Conjunto de Container Sólido, tamanho 1/2, dimensões internas aproximadas 260x260x115 mm, inclui tampa, cesto e duas unidades de plaqueta de identificação | C81: 1
C82: =SUM(C49:C81) -> 57 | F82: TOTAL
A84: Caixa de Instrumentais Cirúrgicos Cirurgia Urológica
A85: ITEM | B85: DESCRITIVO | C85: QTD | D85: CODIGO | E85: REGISTRO ANVISA | F85: MARCA | G85: UNITARIO | H85: TOTAL
A86: 1 | B86: Afastador Farabeuf 10mm x 12cm infantil | C86: 1
A87: 2 | B87: Afastador Farabeuf 13mm x 15cm adulto | C87: 1
A88: 3 | B88: Afastador Gosset 24CM | C88: 1
A89: 4 | B89: Afastador Gosset 30CM | C89: 1
A90: 5 | B90: Afastador Langembeck 50x11mm 21cm | C90: 1
A91: 6 | B91: Afastador Langenbeck 40x11mm 21cm | C91: 1
A92: 7 | B92: Aspirador Poole reto 22cm | C92: 1
A93: 8 | B93: Aspirador Yankauer 28cm | C93: 1
A94: 9 | B94: Cabo de Bisturi nº3 (lâminas 10,11,12,15) | C94: 1
A95: 10 | B95: Cabo de Bisturi nº4 (lâminas 20,21,22,23,24) | C95: 1
A96: 11 | B96: Cabo de Bisturi nº7 (lâmina 10/11/12/15) | C96: 1
A97: 12 | B97: Alfinete de Segurança Mayo, 14cm | C97: 4
... A148: 63 | B148: Conjunto de container sólido, tamanho 3/4, dimensões internas aproximadas 430x260x115 mm, inclui tampa, cesto e duas unidades de plaqueta de identificação | C148: 2
C149: =SUM(C86:C148) -> 155 | F149: TOTAL
A151: Caixa de Instrumentais Cirúrgicos Curetagem
A152: ITEM | B152: DESCRITIVO | C152: QTD | D152: CODIGO | E152: REGISTRO ANVISA | F152: MARCA | G152: UNITARIO | H152: TOTAL
A153: 1 | B153: Alfinete de Segurança Mayo, 14cm | C153: 2
A154: 2 | B154: Espéculo Vaginal Collin, 100x35mm | C154: 1
A155: 3 | B155: Pinça Museux, reta, 24cm, 8mm | C155: 1
A156: 4 | B156: Pinça Pozzi Tenaculum 25.5cm | C156: 1
A157: 5 | B157: Sonda Uterina Maleável Sims, 32cm | C157: 1
A158: 6 | B158: Pinça para Placenta e Ovum Winter 28cm, curva, sem cremalheira | C158: 1
A159: 7 | B159: Pinça para Placenta e Ovum Winter 28cm, reta, sem cremalheira | C159: 1
A160: 8 | B160: Colher Uterina Schroeder 30cm afiados, Rígido 9x5mm | C160: 1
A161: 9 | B161: Colher Uterina Schroeder 30cm afiados, Rígido 10x6mm | C161: 1
A162: 10 | B162: Colher Uterina Schroeder 30cm afiados, Rígido 13x8mm | C162: 1
A163: 11 | B163: Cureta Uterina Recamier, para Ginecologia, 26cm, 5mm, maleável, romba | C163: 1
A164: 12 | B164: Cureta Uterina Recamier, para Ginecologia, 26cm,8mm, maleável, romba | C164: 1
... A174: 22 | B174: Conjunto de container sólido, tamanho 3/4, dimensões internas aproximadas 430x260x85 mm, inclui tampa, cesto e duas unidades de plaqueta de identificação | C174: 1
C175: =SUM(C153:C174) -> 23 | F175: TOTAL
A177: Caixa de Instrumentais Cirúrgicos Histerectomia
A178: ITEM | B178: DESCRITIVO | C178: QTD | D178: CODIGO | E178: REGISTRO ANVISA | F178: MARCA | G178: UNITARIO | H178: TOTAL
A179: 1 | B179: Alfinete de Segurança Mayo, 14cm | C179: 3
A180: 2 | B180: Sonda Uterina Maleável Sims, 32cm | C180: 1
A181: 3 | B181: Bacia Redonda, 100 x 50mm | C181: 1
A182: 4 | B182: Clamp Faure, pontas e hastes largas, curvas e serrilhadas, 25cm | C182: 4
A183: 5 | B183: Pinça Foerster, pontas retas, com anéis fenestrados e serrilhados, 25cm | C183: 2
A184: 6 | B184: Pinça Allis, pontas retas c/ 5 x 6 dentes, 15cm | C184: 6
A185: 7 | B185: Pinça Anatômica Standard, pontas retas, largas com 1 x 2 dentes, 16cm | C185: 2
A186: 8 | B186: Pinça Anatômica Standard, pontas retas, largas com 1 x 2 dentes, 18cm | C186: 2
A187: 9 | B187: Pinça Anatômica Standard, pontas retas, largas com 1 x 2 dentes, 25cm | C187: 1
A188: 10 | B188: Pinça Anatômica Standard, pontas retas, largas e serrilhadas, 18cm | C188: 1
A189: 11 | B189: Pinça Anatômica Standard, pontas retas, largas e serrilhadas, 20cm | C189: 1
A190: 12 | B190: Pinça Toalha Backhaus, 13cm | C190: 5
... A215: 37 | B215: Conjunto de Container Sólido, tamanho 3/4, dimensões internas aproximadas 430x260x115 mm, inclui tampa, cesto e duas unidades de plaqueta de identificação | C215: 1
C216: =SUM(C179:C215) -> 81 | F216: TOTAL
A218: Caixa de Instrumentais Cirúrgicos Laparotomia Ginecológica
A219: ITEM | B219: DESCRITIVO | C219: QTD | D219: CODIGO | E219: REGISTRO ANVISA | F219: MARCA | G219: UNITARIO | H219: TOTAL
A220: 1 | B220: Tesoura Mayo-Stile, curva,17cm com videa | C220: 1
A221: 2 | B221: Tesoura Cirurgica e Dissecção, Mayo-Stille, Romba/Romba, 17cm, reta, com videa | C221: 1
A222: 3 | B222: Afastador Farabeuf, par com 2 válvulas duplas de lâmina plana, 15cm | C222: 1
A223: 4 | B223: Pinça Backhaus, pontas curvas e agudas, modelo delicado, 13cm | C223: 2
A224: 5 | B224: Porta Agulha Mayo-Hegar, pontas com wídea , retas, 16cm | C224: 2
A225: 6 | B225: Pinça Halsted-Mosquito, pontas curvas, finas e serrilhadas, 14cm | C225: 2
A226: 7 | B226: Porta Agulha DeBakey, pontas com wídea , retas e finas, 26cm | C226: 1
A227: 8 | B227: Pinça Kocher-Ochsnner, pontas curvas, serrilhadas com 1 x 2 dentes, 18cm | C227: 1
A228: 9 | B228: Pinça Duval, pontas retas c/ triangulos pequenos, fenestrados e serrilhados, 18cm | C228: 1
A229: 10 | B229: Pinça Allis, pontas retas c/ 5 x 6 dentes, 19cm | C229: 2
A230: 11 | B230: Porta Agulha Mayo-Hegar-Heaney, pontas com wídea , curvas, 20cm | C230: 1
A231: 12 | B231: Pinça Anatômica Standard, pontas retas, largas e serrilhadas, 20cm | C231: 2
... A270: 51 | B270: Conjunto de Container Sólido, tamanho 3/4, dimensões internas aproximadas 430x260x115 mm, inclui tampa, cesto e duas unidades de plaqueta de identificação | C270: 1
C271: =SUM(C220:C270) -> 95 | F271: TOTAL
A273: Caixa de Instrumentais Cirúrgicos Laqueadura
A274: ITEM | B274: DESCRITIVO | C274: QTD | D274: CODIGO | E274: REGISTRO ANVISA | F274: MARCA | G274: UNITARIO | H274: TOTAL
A275: 1 | B275: Afastador Farabeuf, par com 2 válvulas duplas de lâmina plana, 12cm | C275: 1
A276: 2 | B276: Bacia Redonda, 100 x 50mm | C276: 1
...

Sheet GERAL
A1: ITEM | B1: NOME | C1: QTD | D1: VALOR UNIT | E1: VALOR TOTAL
A2: 1 | B2: Caixa de Instrumentais Cirúrgicos Cirurgia Geral | C2: 8 | D2: ='LISTAS PRECOS PARA PROPOSTA'!I44 -> 30924.92 | E2: =D2*C2 -> 247399.36
A3: 2 | B3: Caixa de Instrumentais Cirúrgicos Cirurgia Pediátrica | C3: 4 | D3: ='LISTAS PRECOS PARA PROPOSTA'!I81 -> 18590.8 | E3: =D3*C3 -> 74363.2
A4: 3 | B4: Caixa de Instrumentais Cirúrgicos Cirurgia Urológica | C4: 4 | D4: ='LISTAS PRECOS PARA PROPOSTA'!I148 -> 43317.152 | E4: =D4*C4 -> 173268.61
A5: 4 | B5: Caixa de Instrumentais Cirúrgicos Curetagem | C5: 2 | D5: ='LISTAS PRECOS PARA PROPOSTA'!I174 -> 14944.88 | E5: =D5*C5 -> 29889.76
A6: 5 | B6: Caixa de Instrumentais Cirúrgicos Histerectomia | C6: 4 | D6: ='LISTAS PRECOS PARA PROPOSTA'!I215 -> 33082.6 | E6: =D6*C6 -> 132330.4
A7: 6 | B7: Caixa de Instrumentais Cirúrgicos Laparotomia Ginecológica | C7: 4 | D7: ='LISTAS PRECOS PARA PROPOSTA'!I270 -> 39320.84 | E7: =D7*C7 -> 157283.36
A8: 7 | B8: Caixa de Instrumentais Cirúrgicos Laqueadura | C8: 4 | D8: ='LISTAS PRECOS PARA PROPOSTA'!I287 -> 12333.68 | E8: =D8*C8 -> 49334.72
A9: 8 | B9: Caixa de Instrumentais Cirúrgicos ORL | C9: 2 | D9: ='LISTAS PRECOS PARA PROPOSTA'!I332 -> 49770.368 | E9: =D9*C9 -> 99540.736
A10: 9 | B10: Caixa de Cesárea | C10: 16 | D10: ='LISTAS PRECOS PARA PROPOSTA'!I358 -> 16622.64 | E10: =D10*C10 -> 265962.24
A11: 10 | B11: Caixa de Parto Normal | C11: 4 | D11: ='LISTAS PRECOS PARA PROPOSTA'!I372 -> 10397.36 | E11: =D11*C11 -> 41589.44
A12: 11 | B12: Caixa de Instrumentais Cirúrgicos - Vascular Periférico | C12: 6 | D12: ='LISTAS PRECOS PARA PROPOSTA'!I446 -> 59102.36 | E12: =D12*C12 -> 354614.16
A13: 12 | B13: Caixa de Instrumentais Cirúrgicos – Dermato | C13: 3 | D13: ='LISTAS PRECOS PARA PROPOSTA'!I474 -> 13320.8 | E13: =D13*C13 -> 39962.4
A14: 13 | B14: Caixa de Instrumental Cirúrgico – Oftalmologia | C14: 12 | D14: ='LISTAS PRECOS PARA PROPOSTA'!I497 -> 26682.327 | E14: =D14*C14 -> 320187.92
A15: 14 | B15: Caixa de Cirurgia Vascular para Varizes | C15: 4 | D15: ='LISTAS PRECOS PARA PROPOSTA'!I528 -> 22615.4 | E15: =D15*C15 -> 90461.6
A16: 15 | B16: Caixa de Microcirurgia Vascular | C16: 4 | D16: ='LISTAS PRECOS PARA PROPOSTA'!I556 -> 11957.04 | E16: =D16*C16 -> 47828.16
A17: 16 | B17: Caixa de Revisão Uterina | C17: 6 | D17: ='LISTAS PRECOS PARA PROPOSTA'!I574 -> 12234.44 | E17: =D17*C17 -> 73406.64
A18: 17 | B18: Caixa de Sutura | C18: 20 | D18: ='LISTAS PRECOS PARA PROPOSTA'!I585 -> 1364.88 | E18: =D18*C18 -> 27297.6
A19: 18 | B19: Caixa Instrumental para Procedimentos Proctologia | C19: 4 | D19: ='LISTAS PRECOS PARA PROPOSTA'!I617 -> 18865.456 | E19: =D19*C19 -> 75461.824
A20: 19 | B20: Caixa Microcirúrgica Otológica | C20: 3 | D20: ='LISTAS PRECOS PARA PROPOSTA'!I648 -> 21892.184 | E20: =D20*C20 -> 65676.552
A21: 28 | B21: Caixa Instrumental Ortopédico | C21: 12 | D21: ='LISTAS PRECOS PARA PROPOSTA'!I708 -> 25370.336 | E21: =D21*C21 -> 304444.03
A22: 29 | B22: Caixa Mão/Punho | C22: 10 | D22: ='LISTAS PRECOS PARA PROPOSTA'!I752 -> 27586.264 | E22: =D22*C22 -> 275862.64
A23: 30 | B23: Caixa para Hemorroidectomia | C23: 10 | D23: ='LISTAS PRECOS PARA PROPOSTA'!I784 -> 18575.24 | E23: =D23*C23 -> 185752.4
A24: 31 | B24: Caixa Caixa Pé/Tornozelo | C24: 4 | D24: ='LISTAS PRECOS PARA PROPOSTA'!I837 -> 36741.304 | E24: =D24*C24 -> 146965.22
A25: 32 | B25: Caixa de Velas de Hegar | C25: 2
A26: 33 | B26: Avulsos | C26: 1
E27: =SUM(E2:E25) -> 3278883

Sheet TR
B1: Caixa de Instrumentais Cirúrgicos Cirurgia Geral
B2: ITEM | C2: DESCRITIVO | D2: QTD | E2: CODIGO | F2: REGISTRO ANVISA | G2: MARCA | H2: UNITARIO | I2: TOTAL
B3: 1 | C3: Afastador Farabeuf, par com 2 válvulas duplas de lâmina plana, 12cm | D3: 1
B4: 2 | C4: Afastador Farabeuf, par com 2 válvulas duplas de lâmina plana, 15cm | D4: 1
B5: 3 | C5: Alfinete de Segurança Mayo, 14cm | D5: 4
B6: 4 | C6: Conjunto com pleto de Aspiração Yankauer, contendo: 04 canulas intercambiáveis, oliva e cabo com apoio digital, 27cm | D6: 1
B7: 5 | C7: Cabo de bisturi nº 3, graduado em centímetros, 12cm | D7: 1
B8: 6 | C8: Cabo de bisturi nº 4, Standard, 12cm | D8: 1
B9: 7 | C9: Afastador Balfour, garras laterais aramadas com 100mm x 35mm, hastes curvas, abertura de 200mm, Acompanha válvula central plana com 100mm x 60mm | D9: 1
B10: 8 | C10: Pinça Allis, pontas retas c/ 5 x 6 dentes, 15cm | D10: 3
B11: 9 | C11: Pinça Allis, pontas retas c/ 5 x 6 dentes, 19cm | D11: 3
B12: 10 | C12: Pinça Anatômica Standard, pontas retas, largas com 1 x 2 dentes, 20cm | D12: 2
B13: 11 | C13: Pinça Babcok, pontas retas c/ conchas pequenas,fenestradas e wídia TC, 20cm | D13: 1
B14: 12 | C14: Pinça Toalha Backhaus, 13cm | D14: 10
... B43: 41 | C43: Conjunto de Container Sólido, tamanho 3/4, dimensões internas aproximadas 430x260x115 mm, inclui tampa, cesto e duas unidades de plaqueta de identificação | D43: 1
D44: =SUM(D3:D43) -> 94
B46: Caixa de Instrumentais Cirúrgicos Cirurgia Pediátrica
B47: ITEM | C47: DESCRITIVO | D47: QTD | E47: CODIGO | F47: REGISTRO ANVISA | G47: MARCA | H47: UNITARIO | I47: TOTAL
B48: 1 | C48: Bacia Redonda, 100 x 50mm | D48: 1
B49: 2 | C49: Afastador Mini-Langebeck, lâmina de 10mm x 6mm, 16cm | D49: 1
B50: 3 | C50: Pinça Cheron, pontas retas e serrilhadas, formato baioneta, 25cm | D50: 1
B51: 4 | C51: Pinça Foerster, pontas retas, com anéis fenestrados e serrilhados, 25cm | D51: 1
B52: 5 | C52: Pinça Foerster, pontas curvas, com anéis fenestrados e serrilhados, 25cm | D52: 1
B53: 6 | C53: Pinça Anatômica Standard, pontas retas, largas com 1 x 2 dentes, 16cm | D53: 1
B54: 7 | C54: Pinça Anatômica Standard, pontas retas, largas e serrilhadas, 16cm | D54: 1
B55: 8 | C55: Pinça Anatômica Standard, pontas retas, largas com 1 x 2 dentes, 14.5cm | D55: 2
B56: 9 | C56: Afastador Farabeuf, par com 2 válvulas duplas de lâmina plana, 15cm | D56: 1
B57: 10 | C57: Afastador Farabeuf, par com 2 válvulas duplas de lâmina plana, 12cm | D57: 1
B58: 11 | C58: Pinça Anatômica Adson, pontas retas, finas com 1 x 2 dentes, 15cm | D58: 1
B59: 12 | C59: Pinça Anatômica Adson, pontas retas, finas e serrilhadas, 15cm | D59: 1
... B79: 32 | C79: Conjunto de Container Sólido, tamanho 1/2, dimensões internas aproximadas 260x260x115 mm, inclui tampa, cesto e duas unidades de plaqueta de identificação | D79: 1
D80: =SUM(D48:D79) -> 53
B82: Caixa de Instrumentais Cirúrgicos Cirurgia Urológica
B83: ITEM | C83: DESCRITIVO | D83: QTD | E83: CODIGO | F83: REGISTRO ANVISA | G83: MARCA | H83: UNITARIO | I83: TOTAL
B84: 1 | C84: Afastador Farabeuf 10mm x 12cm infantil | D84: 1
B85: 2 | C85: Afastador Farabeuf 13mm x 15cm adulto | D85: 1
B86: 3 | C86: Afastador Gosset 24CM | D86: 1
B87: 4 | C87: Afastador Gosset 30CM | D87: 1
B88: 5 | C88: Afastador Langembeck 50x11mm 21cm | D88: 1
B89: 6 | C89: Afastador Langenbeck 40x11mm 21cm | D89: 1
B90: 7 | C90: Aspirador Poole reto 22cm | D90: 1
B91: 8 | C91: Aspirador Yankauer 28cm | D91: 1
B92: 9 | C92: Cabo de Bisturi nº3 (lâminas 10,11,12,15) | D92: 1
B93: 10 | C93: Cabo de Bisturi nº4 (lâminas 20,21,22,23,24) | D93: 1
B94: 11 | C94: Cabo de Bisturi nº7 (lâmina 10/11/12/15) | D94: 1
B95: 12 | C95: Caixa Cirurgica 58X28X12cm Perfurada | D95: 1
... B146: 63 | C146: Conjunto de container sólido, tamanho 3/4, dimensões internas aproximadas 430x260x85 mm, inclui tampa, cesto e duas unidades de plaqueta de identificação | D146: 1
D147: =SUM(D116:D145) -> 78
B149: Caixa de Instrumentais Cirúrgicos Curetagem
B150: ITEM | C150: DESCRITIVO | D150: QTD | E150: CODIGO | F150: REGISTRO ANVISA | G150: MARCA | H150: UNITARIO | I150: TOTAL
B151: 1 | C151: Alfinete de Segurança Mayo, 14cm | D151: 2
B152: 2 | C152: Espéculo Vaginal Collin, 100x35mm | D152: 1
B153: 3 | C153: Pinça Museux, reta, 24cm, 8mm | D153: 1
B154: 4 | C154: Pinça Pozzi Tenaculum 25.5cm | D154: 1
B155: 5 | C155: Sonda Uterina Maleável Sims, 32cm | D155: 1
B156: 6 | C156: Pinça para Placenta e Ovum Winter 28cm, curva, sem cremalheira | D156: 1
B157: 7 | C157: Pinça para Placenta e Ovum Winter 28cm, reta, sem cremalheira | D157: 1
B158: 8 | C158: Colher Uterina Schroeder 30cm afiados, Rígido 9x5mm | D158: 1
B159: 9 | C159: Colher Uterina Schroeder 30cm afiados, Rígido 10x6mm | D159: 1
B160: 10 | C160: Colher Uterina Schroeder 30cm afiados, Rígido 13x8mm | D160: 1
B161: 11 | C161: Cureta Uterina Recamier, para Ginecologia, 26cm, 5mm, maleável, romba | D161: 1
B162: 12 | C162: Cureta Uterina Recamier, para Ginecologia, 26cm,8mm, maleável, romba | D162: 1
... B172: 22 | C172: Conjunto de container sólido, tamanho 3/4, dimensões internas aproximadas 430x260x85 mm, inclui tampa, cesto e duas unidades de plaqueta de identificação | D172: 1
D173: =SUM(D151:D172) -> 23
B175: Caixa de Instrumentais Cirúrgicos Histerectomia
B176: ITEM | C176: DESCRITIVO | D176: QTD | E176: CODIGO | F176: REGISTRO ANVISA | G176: MARCA | H176: UNITARIO | I176: TOTAL
B177: 1 | C177: Alfinete de Segurança Mayo, 14cm | D177: 3
B178: 2 | C178: Sonda Uterina Maleável Sims, 32cm | D178: 1
B179: 3 | C179: Bacia Redonda, 100 x 50mm | D179: 1
B180: 4 | C180: Clamp Faure, pontas e hastes largas, curvas e serrilhadas, 25cm | D180: 4
B181: 5 | C181: Pinça Foerster, pontas retas, com anéis fenestrados e serrilhados, 25cm | D181: 2
B182: 6 | C182: Pinça Allis, pontas retas c/ 5 x 6 dentes, 15cm | D182: 6
B183: 7 | C183: Pinça Anatômica Standard, pontas retas, largas com 1 x 2 dentes, 16cm | D183: 2
B184: 8 | C184: Pinça Anatômica Standard, pontas retas, largas com 1 x 2 dentes, 18cm | D184: 2
B185: 9 | C185: Pinça Anatômica Standard, pontas retas, largas com 1 x 2 dentes, 25cm | D185: 1
B186: 10 | C186: Pinça Anatômica Standard, pontas retas, largas e serrilhadas, 18cm | D186: 1
B187: 11 | C187: Pinça Anatômica Standard, pontas retas, largas e serrilhadas, 20cm | D187: 1
B188: 12 | C188: Pinça Toalha Backhaus, 13cm | D188: 5
... B213: 37 | C213: Conjunto de Container Sólido, tamanho 3/4, dimensões internas aproximadas 430x260x115 mm, inclui tampa, cesto e duas unidades de plaqueta de identificação | D213: 1
D214: =SUM(D177:D213) -> 81
B216: Caixa de Instrumentais Cirúrgicos Laparotomia Ginecológica
B217: ITEM | C217: DESCRITIVO | D217: QTD | E217: CODIGO | F217: REGISTRO ANVISA | G217: MARCA | H217: UNITARIO | I217: TOTAL
B218: 1 | C218: Tesoura Mayo-Stile, curva,17cm com videa | D218: 1
B219: 2 | C219: Tesoura Cirurgica e Dissecção, Mayo-Stille, Romba/Romba, 17cm, reta, com videa | D219: 1
B220: 3 | C220: Afastador Farabeuf, par com 2 válvulas duplas de lâmina plana, 15cm | D220: 1
B221: 4 | C221: Pinça Backhaus, pontas curvas e agudas, modelo delicado, 13cm | D221: 2
B222: 5 | C222: Porta Agulha Mayo-Hegar, pontas com wídea , retas, 16cm | D222: 2
B223: 6 | C223: Pinça Halsted-Mosquito, pontas curvas, finas e serrilhadas, 14cm | D223: 2
B224: 7 | C224: Porta Agulha DeBakey, pontas com wídea , retas e finas, 26cm | D224: 1
B225: 8 | C225: Pinça Kocher-Ochsnner, pontas curvas, serrilhadas com 1 x 2 dentes, 18cm | D225: 1
B226: 9 | C226: Pinça Duval, pontas retas c/ triangulos pequenos, fenestrados e serrilhados, 18cm | D226: 1
B227: 10 | C227: Pinça Allis, pontas retas c/ 5 x 6 dentes, 19cm | D227: 2
B228: 11 | C228: Porta Agulha Mayo-Hegar-Heaney, pontas com wídea , curvas, 20cm | D228: 1
B229: 12 | C229: Pinça Anatômica Standard, pontas retas, largas e serrilhadas, 20cm | D229: 2
... B268: 51 | C268: Conjunto de Container Sólido, tamanho 3/4, dimensões internas aproximadas 430x260x115 mm, inclui tampa, cesto e duas unidades de plaqueta de identificação | D268: 1
D269: =SUM(D218:D268) -> 95
B271: Caixa de Instrumentais Cirúrgicos Laqueadura
B272: ITEM | C272: DESCRITIVO | D272: QTD | E272: CODIGO | F272: REGISTRO ANVISA | G272: MARCA | H272: UNITARIO | I272: TOTAL
B273: 1 | C273: Afastador Farabeuf, par com 2 válvulas duplas de lâmina plana, 12cm | D273: 1
B274: 2 | C274: Bacia Redonda, 100 x 50mm | D274: 1
...

Sheet LISTAS PRECOS PARA PROPOSTA
B1: Caixa de Instrumentais Cirúrgicos Cirurgia Geral
B2: ITEM | C2: DESCRITIVO | D2: QTD | E2: CODIGO | F2: REGISTRO ANVISA | G2: MARCA | H2: UNITARIO | I2: TOTAL
B3: 1 | C3: Afastador Farabeuf, par com 2 válvulas duplas de lâmina plana, 12cm | D3: 1 | H3: 281.16 | I3: 281.16
B4: 2 | C4: Afastador Farabeuf, par com 2 válvulas duplas de lâmina plana, 15cm | D4: 1 | H4: 281.16 | I4: 281.16
B5: 3 | C5: Alfinete de Segurança Mayo, 14cm | D5: 4 | H5: 83.52 | I5: 334.08
B6: 4 | C6: Conjunto com pleto de Aspiração Yankauer, contendo: 04 canulas intercambiáveis, oliva e cabo com apoio digital, 27cm | D6: 1 | H6: 498.6 | I6: 498.6
B7: 5 | C7: Cabo de bisturi nº 3, graduado em centímetros, 12cm | D7: 1 | H7: 74.88 | I7: 74.88
B8: 6 | C8: Cabo de bisturi nº 4, Standard, 12cm | D8: 1 | H8: 46.44 | I8: 46.44
B9: 7 | C9: Afastador Balfour, garras laterais aramadas com 100mm x 35mm, hastes curvas, abertura de 200mm, Acompanha válvula central plana com 100mm x 60mm | D9: 1 | H9: 1934.28 | I9: 1934.28
B10: 8 | C10: Pinça Allis, pontas retas c/ 5 x 6 dentes, 15cm | D10: 3 | H10: 213.12 | I10: 639.36
B11: 9 | C11: Pinça Allis, pontas retas c/ 5 x 6 dentes, 19cm | D11: 3 | H11: 288 | I11: 864
B12: 10 | C12: Pinça Anatômica Standard, pontas retas, largas com 1 x 2 dentes, 20cm | D12: 2 | H12: 136.08 | I12: 272.16
B13: 11 | C13: Pinça Babcok, pontas retas c/ conchas pequenas,fenestradas e wídia TC, 20cm | D13: 1 | H13: 1024.56 | I13: 1024.56
B14: 12 | C14: Pinça Toalha Backhaus, 13cm | D14: 10 | H14: 113.4 | I14: 1134
... B43: 41 | C43: Conjunto de Container Sólido, tamanho 3/4, dimensões internas aproximadas 430x260x115 mm, inclui tampa, cesto e duas unidades de plaqueta de identificação | D43: 1 | H43: 8480 | I43: 8480
D44: =SUM(D3:D43) -> 94 | I44: =SUM(I3:I43) -> 30924.92
B46: Caixa de Instrumentais Cirúrgicos Cirurgia Pediátrica
B47: ITEM | C47: DESCRITIVO | D47: QTD | E47: CODIGO | F47: REGISTRO ANVISA | G47: MARCA | H47: UNITARIO | I47: TOTAL
B48: 1 | C48: Alfinete de Segurança Mayo, 14cm | D48: 4 | H48: 83.52 | I48: 334.08
B49: 2 | C49: Bacia Redonda, 100 x 50mm | D49: 1 | H49: 146.88 | I49: 146.88
B50: 3 | C50: Afastador Mini-Langebeck, lâmina de 10mm x 6mm, 16cm | D50: 1 | H50: 198.72 | I50: 198.72
B51: 4 | C51: Pinça Cheron, pontas retas e serrilhadas, formato baioneta, 25cm | D51: 1 | H51: 566.64 | I51: 566.64
B52: 5 | C52: Pinça Foerster, pontas retas, com anéis fenestrados e serrilhados, 25cm | D52: 1 | H52: 268.2 | I52: 268.2
B53: 6 | C53: Pinça Foerster, pontas curvas, com anéis fenestrados e serrilhados, 25cm | D53: 1 | H53: 271.44 | I53: 271.44
B54: 7 | C54: Pinça Anatômica Standard, pontas retas, largas com 1 x 2 dentes, 16cm | D54: 1 | H54: 109.08 | I54: 109.08
B55: 8 | C55: Pinça Anatômica Standard, pontas retas, largas e serrilhadas, 16cm | D55: 1 | H55: 104.76 | I55: 104.76
B56: 9 | C56: Pinça Anatômica Standard, pontas retas, largas com 1 x 2 dentes, 14.5cm | D56: 2 | H56: 98.28 | I56: 196.56
B57: 10 | C57: Afastador Farabeuf, par com 2 válvulas duplas de lâmina plana, 15cm | D57: 1 | H57: 281.16 | I57: 281.16
B58: 11 | C58: Afastador Farabeuf, par com 2 válvulas duplas de lâmina plana, 12cm | D58: 1 | H58: 281.16 | I58: 281.16
B59: 12 | C59: Pinça Anatômica Adson, pontas retas, finas com 1 x 2 dentes, 15cm | D59: 1 | H59: 114.48 | I59: 114.48
... B80: 33 | C80: Conjunto de Container Sólido, tamanho 1/2, dimensões internas aproximadas 260x260x115 mm, inclui tampa, cesto e duas unidades de plaqueta de identificação | D80: 1 | H80: 9400 | I80: 9400
D81: =SUM(D48:D80) -> 57 | I81: =SUM(I48:I80) -> 18590.8
B83: Caixa de Instrumentais Cirúrgicos Cirurgia Urológica
B84: ITEM | C84: DESCRITIVO | D84: QTD | E84: CODIGO | F84: REGISTRO ANVISA | G84: MARCA | H84: UNITARIO | I84: TOTAL
B85: 1 | C85: Afastador Farabeuf 10mm x 12cm infantil | D85: 1 | H85: 105.696 | I85: =H85*D85 -> 105.696
B86: 2 | C86: Afastador Farabeuf 13mm x 15cm adulto | D86: 1 | H86: 105.696 | I86: =H86*D86 -> 105.696
B87: 3 | C87: Afastador Gosset 24CM | D87: 1 | H87: 1920.096 | I87: =H87*D87 -> 1920.096
B88: 4 | C88: Afastador Gosset 30CM | D88: 1 | H88: 1152 | I88: =H88*D88 -> 1152
B89: 5 | C89: Afastador Langembeck 50x11mm 21cm | D89: 1 | H89: 192.096 | I89: =H89*D89 -> 192.096
B90: 6 | C90: Afastador Langenbeck 40x11mm 21cm | D90: 1 | H90: 192.096 | I90: =H90*D90 -> 192.096
B91: 7 | C91: Aspirador Poole reto 22cm | D91: 1 | H91: 288 | I91: =H91*D91 -> 288
B92: 8 | C92: Aspirador Yankauer 28cm | D92: 1 | H92: 336.096 | I92: =H92*D92 -> 336.096
B93: 9 | C93: Cabo de Bisturi nº3 (lâminas 10,11,12,15) | D93: 1 | H93: 48.096 | I93: =H93*D93 -> 48.096
B94: 10 | C94: Cabo de Bisturi nº4 (lâminas 20,21,22,23,24) | D94: 1 | H94: 48.096 | I94: =H94*D94 -> 48.096
B95: 11 | C95: Cabo de Bisturi nº7 (lâmina 10/11/12/15) | D95: 1 | H95: 48.096 | I95: =H95*D95 -> 48.096
B96: 12 | C96: Alfinete de Segurança Mayo, 14cm | D96: 4 | H96: 83.52 | I96: =H96*D96 -> 334.08
... B147: 63 | C147: Conjunto de container sólido, tamanho 3/4, dimensões internas aproximadas 430x260x85 mm, inclui tampa, cesto e duas unidades de plaqueta de identificação | D147: 2 | H147: 8840 | I147: =H147*D147 -> 17680
D148: =SUM(D85:D147) -> 155 | I148: =SUM(I85:I147) -> 43317.152
B150: Caixa de Instrumentais Cirúrgicos Curetagem
B151: ITEM | C151: DESCRITIVO | D151: QTD | E151: CODIGO | F151: REGISTRO ANVISA | G151: MARCA | H151: UNITARIO | I151: TOTAL
B152: 1 | C152: Alfinete de Segurança Mayo, 14cm | D152: 2 | H152: 83.52 | I152: =H152*D152 -> 167.04
B153: 2 | C153: Espéculo Vaginal Collin, 100x35mm | D153: 1 | H153: 352.08 | I153: =H153*D153 -> 352.08
B154: 3 | C154: Pinça Museux, reta, 24cm, 8mm | D154: 1 | H154: 323.28 | I154: =H154*D154 -> 323.28
B155: 4 | C155: Pinça Pozzi Tenaculum 25.5cm | D155: 1 | H155: 230.04 | I155: =H155*D155 -> 230.04
B156: 5 | C156: Sonda Uterina Maleável Sims, 32cm | D156: 1 | H156: 169.92 | I156: =H156*D156 -> 169.92
B157: 6 | C157: Pinça para Placenta e Ovum Winter 28cm, curva, sem cremalheira | D157: 1 | H157: 309.24 | I157: =H157*D157 -> 309.24
B158: 7 | C158: Pinça para Placenta e Ovum Winter 28cm, reta, sem cremalheira | D158: 1 | H158: 306.36 | I158: =H158*D158 -> 306.36
B159: 8 | C159: Colher Uterina Schroeder 30cm afiados, Rígido 9x5mm | D159: 1 | H159: 496.8 | I159: =H159*D159 -> 496.8
B160: 9 | C160: Colher Uterina Schroeder 30cm afiados, Rígido 10x6mm | D160: 1 | H160: 496.8 | I160: =H160*D160 -> 496.8
B161: 10 | C161: Colher Uterina Schroeder 30cm afiados, Rígido 13x8mm | D161: 1 | H161: 496.8 | I161: =H161*D161 -> 496.8
B162: 11 | C162: Cureta Uterina Recamier, para Ginecologia, 26cm, 5mm, maleável, romba | D162: 1 | H162: 249.12 | I162: =H162*D162 -> 249.12
B163: 12 | C163: Cureta Uterina Recamier, para Ginecologia, 26cm,8mm, maleável, romba | D163: 1 | H163: 249.12 | I163: =H163*D163 -> 249.12
... B173: 22 | C173: Conjunto de container sólido, tamanho 3/4, dimensões internas aproximadas 430x260x85 mm, inclui tampa, cesto e duas unidades de plaqueta de identificação | D173: 1 | H173: 8840 | I173: =H173*D173 -> 8840
D174: =SUM(D152:D173) -> 23 | I174: =SUM(I152:I173) -> 14944.88
B176: Caixa de Instrumentais Cirúrgicos Histerectomia
B177: ITEM | C177: DESCRITIVO | D177: QTD | E177: CODIGO | F177: REGISTRO ANVISA | G177: MARCA | H177: UNITARIO | I177: TOTAL
B178: 1 | C178: Alfinete de Segurança Mayo, 14cm | D178: 3 | H178: 83.52 | I178: =H178*D178 -> 250.56
B179: 2 | C179: Sonda Uterina Maleável Sims, 32cm | D179: 1 | H179: 169.92 | I179: =H179*D179 -> 169.92
B180: 3 | C180: Bacia Redonda, 100 x 50mm | D180: 1 | H180: 146.88 | I180: =H180*D180 -> 146.88
B181: 4 | C181: Clamp Faure, pontas e hastes largas, curvas e serrilhadas, 25cm | D181: 4 | H181: 286.2 | I181: =H181*D181 -> 1144.8
B182: 5 | C182: Pinça Foerster, pontas retas, com anéis fenestrados e serrilhados, 25cm | D182: 2 | H182: 268.2 | I182: =H182*D182 -> 536.4
B183: 6 | C183: Pinça Allis, pontas retas c/ 5 x 6 dentes, 15cm | D183: 6 | H183: 213.12 | I183: =H183*D183 -> 1278.72
B184: 7 | C184: Pinça Anatômica Standard, pontas retas, largas com 1 x 2 dentes, 16cm | D184: 2 | H184: 109.08 | I184: =H184*D184 -> 218.16
B185: 8 | C185: Pinça Anatômica Standard, pontas retas, largas com 1 x 2 dentes, 18cm | D185: 2 | H185: 130.68 | I185: =H185*D185 -> 261.36
B186: 9 | C186: Pinça Anatômica Standard, pontas retas, largas com 1 x 2 dentes, 25cm | D186: 1 | H186: 182.16 | I186: =H186*D186 -> 182.16
B187: 10 | C187: Pinça Anatômica Standard, pontas retas, largas e serrilhadas, 18cm | D187: 1 | H187: 126.36 | I187: =H187*D187 -> 126.36
B188: 11 | C188: Pinça Anatômica Standard, pontas retas, largas e serrilhadas, 20cm | D188: 1 | H188: 131.76 | I188: =H188*D188 -> 131.76
B189: 12 | C189: Pinça Toalha Backhaus, 13cm | D189: 5 | H189: 113.4 | I189: =H189*D189 -> 567
... B214: 37 | C214: Conjunto de Container Sólido, tamanho 3/4, dimensões internas aproximadas 430x260x115 mm, inclui tampa, cesto e duas unidades de plaqueta de identificação | D214: 1 | H214: 9400 | I214: =H214*D214 -> 9400
D215: =SUM(D178:D214) -> 81 | I215: =SUM(I178:I214) -> 33082.6
B217: Caixa de Instrumentais Cirúrgicos Laparotomia Ginecológica
B218: ITEM | C218: DESCRITIVO | D218: QTD | E218: CODIGO | F218: REGISTRO ANVISA | G218: MARCA | H218: UNITARIO | I218: TOTAL
B219: 1 | C219: Tesoura Mayo-Stile, curva,17cm com videa | D219: 1 | H219: 927.36 | I219: =H219*D219 -> 927.36
B220: 2 | C220: Tesoura Cirurgica e Dissecção, Mayo-Stille, Romba/Romba, 17cm, reta, com videa | D220: 1 | H220: 921.6 | I220: =H220*D220 -> 921.6
B221: 3 | C221: Afastador Farabeuf, par com 2 válvulas duplas de lâmina plana, 15cm | D221: 1 | H221: 281.16 | I221: =H221*D221 -> 281.16
B222: 4 | C222: Pinça Backhaus, pontas curvas e agudas, modelo delicado, 13cm | D222: 2 | H222: 151.56 | I222: =H222*D222 -> 303.12
B223: 5 | C223: Porta Agulha Mayo-Hegar, pontas com wídea , retas, 16cm | D223: 2 | H223: 772.92 | I223: =H223*D223 -> 1545.84
B224: 6 | C224: Pinça Halsted-Mosquito, pontas curvas, finas e serrilhadas, 14cm | D224: 2 | H224: 116.28 | I224: =H224*D224 -> 232.56
B225: 7 | C225: Porta Agulha DeBakey, pontas com wídea , retas e finas, 26cm | D225: 1 | H225: 1167.84 | I225: =H225*D225 -> 1167.84
B226: 8 | C226: Pinça Kocher-Ochsnner, pontas curvas, serrilhadas com 1 x 2 dentes, 18cm | D226: 1 | H226: 181.44 | I226: =H226*D226 -> 181.44
B227: 9 | C227: Pinça Duval, pontas retas c/ triangulos pequenos, fenestrados e serrilhados, 18cm | D227: 1 | H227: 337.32 | I227: =H227*D227 -> 337.32
B228: 10 | C228: Pinça Allis, pontas retas c/ 5 x 6 dentes, 19cm | D228: 2 | H228: 288 | I228: =H228*D228 -> 576
B229: 11 | C229: Porta Agulha Mayo-Hegar-Heaney, pontas com wídea , curvas, 20cm | D229: 1 | H229: 996.12 | I229: =H229*D229 -> 996.12
B230: 12 | C230: Pinça Anatômica Standard, pontas retas, largas e serrilhadas, 20cm | D230: 2 | H230: 131.76 | I230: =H230*D230 -> 263.52
... B269: 51 | C269: Conjunto de Container Sólido, tamanho 3/4, dimensões internas aproximadas 430x260x115 mm, inclui tampa, cesto e duas unidades de plaqueta de identificação | D269: 1 | H269: 8480 | I269: =H269*D269 -> 8480
D270: =SUM(D219:D269) -> 95 | I270: =SUM(I219:I269) -> 39320.84
B272: Caixa de Instrumentais Cirúrgicos Laqueadura
B273: ITEM | C273: DESCRITIVO | D273: QTD | E273: CODIGO | F273: REGISTRO ANVISA | G273: MARCA | H273: UNITARIO | I273: TOTAL
B274: 1 | C274: Afastador Farabeuf, par com 2 válvulas duplas de lâmina plana, 12cm | D274: 1 | H274: 281.16 | I274: =H274*D274 -> 281.16
B275: 2 | C275: Bacia Redonda, 100 x 50mm | D275: 1 | H275: 146.88 | I275: =H275*D275 -> 146.88
...
