Workbook

Sheet PROPOSTAS RESUMO
B1: Anexo III - PROPOSTA DE PREÇOS (MODELO DE DESCRITIVO)
B3: DADOS DO FORNECEDOR
B5: Fornecedor:
B6: CNPJ/CPF: | F6: Inscrição Estadual:
B7: Endereço:
B8: Bairro:
B9: CEP: | E9: Cidade: | F9: Estado:
B10: Telefone: | E10: e-mail:
B11: Banco: | E11: Agência: Conta corrente:
B14: Constitui objeto desta licitação: Contratação de Serviço de Locação de Caixas de Instrumental Cirúrgico, para atender o Hospital Universitário do Oeste do Paraná
M16: PESQUISA AGEIS
K17: Valor Edital
B18: 1 | C18: Serviço de Locação de Instrumentais para Cirurgia Cardíaca | H18: =SUM(H20:H22) -> 80778.664 | K18: 80784.49 | N18: 82068.99
B19: SUBITEM | C19: Caixa de Instrumental | D19: QTD | E19: Valor Unit Bruto | F19: Valor Total Bruto | G19: Valor Unit sem ICMS | H19: Valor Total sem ICMS | I19: Aliquota % ICMS
B20: 1.1 | C20: CAIXA CIRURGIA CORONÁRIA | D20: 3 | E20: ='PROPOSTAS LISTA '!I56 -> 10909.354 | F20: =E20*D20 -> 32728.061 | G20: ='PROPOSTAS LISTA '!K56 -> 10909.354 | H20: =G20*D20 -> 32728.061 | I20: 18 | L20: 3 | M20: 11187.74 | N20: 33563.21
B21: 1.2 | C21: CAIXA CIRURGIA DE VÁLVULA CARDÍACA | D21: 3 | E21: ='PROPOSTAS LISTA '!I116 -> 14131.736 | F21: =E21*D21 -> 42395.209 | G21: ='PROPOSTAS LISTA '!K116 -> 14131.736 | H21: =G21*D21 -> 42395.209 | I21: 18 | L21: 3 | M21: 14128.6 | N21: 42385.81
B22: 1.3 | C22: CAIXA CIRURGIA CARDIOVASCULAR DELICADA | D22: 3 | E22: ='PROPOSTAS LISTA '!I138 -> 2298.9408 | F22: =E22*D22 -> 6896.8224 | G22: ='PROPOSTAS LISTA '!K138 -> 1885.1315 | H22: =G22*D22 -> 5655.3944 | I22: 18 | L22: 3 | M22: 2039.99 | N22: 6119.97
B24: 2 | C24: Serviço de Locação de Instrumentais para Cirurgia de Laparotomia | H24: =SUM(H26:H27) -> 38641.751 | K24: 38653.83 | N24: 37619.34
B25: SUBITEM | C25: Caixa de Instrumental | D25: QTD | E25: Valor Unit Bruto | F25: Valor Total Bruto | G25: Valor Unit sem ICMS | H25: Valor Total sem ICMS | I25: Aliquota % ICMS
B26: 2.1 | C26: CAIXA LAPAROTOMIA ADULTO | D26: 4 | E26: ='PROPOSTAS LISTA '!I195 -> 5405.6146 | F26: =E26*D26 -> 21622.458 | G26: ='PROPOSTAS LISTA '!K195 -> 5405.6146 | H26: =G26*D26 -> 21622.458 | I26: 18 | L26: 4 | M26: 5484.52 | N26: 21938.09
B27: 2.2 | C27: CAIXA LAPAROTOMIA INFANTIL | D27: 4 | E27: ='PROPOSTAS LISTA '!I249 -> 4254.8231 | F27: =E27*D27 -> 17019.292 | G27: ='PROPOSTAS LISTA '!K249 -> 4254.8231 | H27: =G27*D27 -> 17019.292 | I27: 18 | L27: 4 | M27: 3920.31 | N27: 15681.26
B29: 3 | C29: Serviço de Locação de Instrumentais para Cirurgia Geral | H29: =SUM(H31:H32) -> 11799.075 | K29: 11842.24 | N29: 11686.72
B30: SUBITEM | C30: Caixa de Instrumental | D30: QTD | E30: Valor Unit Bruto | F30: Valor Total Bruto | G30: Valor Unit sem ICMS | H30: Valor Total sem ICMS | I30: Aliquota % ICMS | L30: 3 | M30: 2478.99 | N30: 7436.97
B31: 3.1 | C31: CAIXA CIRURGIA GERAL MEDIO PORTE | D31: 3 | E31: ='PROPOSTAS LISTA '!I290 -> 2503.7376 | F31: =E31*D31 -> 7511.2128 | G31: ='PROPOSTAS LISTA '!K290 -> 2503.7376 | H31: =G31*D31 -> 7511.2128 | I31: 18 | L31: 2 | M31: 2124.88 | N31: 4249.75
B32: 3.2 | C32: CAIXA CIRURGIA GERAL PEQUENO PORTE | D32: 2 | E32: ='PROPOSTAS LISTA '!I324 -> 2143.9309 | F32: =E32*D32 -> 4287.8618 | G32: ='PROPOSTAS LISTA '!K324 -> 2143.9309 | H32: =G32*D32 -> 4287.8618 | I32: 18
B34: 4 | C34: Serviço de Locação de Instrumentais para Cirurgia de Otorrinolaringologia | H34: =SUM(H36:H37) -> 12016.738 | K34: 12066.44 | N34: 12066.44
B35: SUBITEM | C35: Caixa de Instrumental | D35: QTD | E35: Valor Unit Bruto | F35: Valor Total Bruto | G35: Valor Unit sem ICMS | H35: Valor Total sem ICMS | I35: Aliquota % ICMS
B36: 4.1 | C36: CAIXA RINOPLASTIA | D36: 1 | E36: ='PROPOSTAS LISTA '!I349 -> 7065.3468 | F36: =E36*D36 -> 7065.3468 | G36: ='PROPOSTAS LISTA '!K349 -> 7065.3468 | H36: =G36*D36 -> 7065.3468 | I36: 18 | L36: 1 | M36: 1734.89 | N36: 1734.89
B37: 4.2 | C37: CAIXA OTORRINO PARA PS | D37: 1 | E37: ='PROPOSTAS LISTA '!I377 -> 4951.3913 | F37: =E37*D37 -> 4951.3913 | G37: ='PROPOSTAS LISTA '!K377 -> 4951.3913 | H37: =G37*D37 -> 4951.3913 | I37: 18 | L37: 1 | M37: 3850.78 | N37: 3850.78
B39: 5 | C39: Serviço de Locação de Instrumetais para Cirurgia Neurológicas | H39: =SUM(H41:H43) -> 67769.798 | K39: 67698.94 | N39: 65418.83
B40: SUBITEM | C40: Caixa de Instrumental | D40: QTD | E40: Valor Unit Bruto | F40: Valor Total Bruto | G40: Valor Unit sem ICMS | H40: Valor Total sem ICMS | I40: Aliquota % ICMS | L40: 2 | M40: 12596.89 | N40: 25193.77
B41: 5.1 | C41: CAIXA DE LAMINECTOMIA | D41: 2 | E41: ='PROPOSTAS LISTA '!I448 -> 13580.871 | F41: =E41*D41 -> 27161.743 | G41: ='PROPOSTAS LISTA '!K448 -> 13580.871 | H41: =G41*D41 -> 27161.743 | I41: 18 | L41: 2 | M41: 14194.66 | N41: 28389.32
B42: 5.2 | C42: CAIXA CIRURGIA CRANIOTOMIA | D42: 2 | E42: ='PROPOSTAS LISTA '!I542 -> 17031.561 | F42: =E42*D42 -> 34063.122 | G42: ='PROPOSTAS LISTA '!K542 -> 17031.561 | H42: =G42*D42 -> 34063.122 | I42: 18 | L42: 2 | M42: 5917.87 | N42: 11835.74
B43: 5.3 | C43: CAIXA BASICA NEUROCIRURGIA | D43: 1 | E43: ='PROPOSTAS LISTA '!I599 -> 6544.9331 | F43: =E43*D43 -> 6544.9331 | G43: ='PROPOSTAS LISTA '!K599 -> 6544.9331 | H43: =G43*D43 -> 6544.9331 | I43: 18
B45: 6 | C45: Serviço de Locação de Instrumentais para Cirurgias Gastroenterológica | H45: =SUM(H47:H48) -> 19952.699 | K45: 19959.99 | N45: 19199.97
B46: SUBITEM | C46: Caixa de Instrumental | D46: QTD | E46: Valor Unit Bruto | F46: Valor Total Bruto | G46: Valor Unit sem ICMS | H46: Valor Total sem ICMS | I46: Aliquota % ICMS
B47: 6.1 | C47: CAIXA DE COLECISTECTOMIA | D47: 3 | E47: ='PROPOSTAS LISTA '!I652 -> 3465.7358 | F47: =E47*D47 -> 10397.207 | G47: ='PROPOSTAS LISTA '!K652 -> 3465.7358 | H47: =G47*D47 -> 10397.207 | I47: 18 | L47: 3 | M47: 4231.32 | N47: 12693.95
B48: 6.2 | C48: CAIXA APENDICECTOMIA E CISTOSTOMIA | D48: 3 | E48: ='PROPOSTAS LISTA '!I685 -> 3185.1638 | F48: =E48*D48 -> 9555.4913 | G48: ='PROPOSTAS LISTA '!K685 -> 3185.1638 | H48: =G48*D48 -> 9555.4913 | I48: 18 | L48: 3 | M48: 2168.68 | N48: 6506.03
B50: 7 | C50: Serviço de Locação de Instrumentais para Cirurgias Torácica | H50: =SUM(H52:H53) -> 13300.689 | K50: 13301.7 | N50: 12916.11
B51: SUBITEM | C51: Caixa de Instrumental | D51: QTD | E51: Valor Unit Bruto | F51: Valor Total Bruto | G51: Valor Unit sem ICMS | H51: Valor Total sem ICMS | I51: Aliquota % ICMS
B52: 7.1 | C52: CAIXA CIRURGIA TORACOTOMIA | D52: 2 | E52: ='PROPOSTAS LISTA '!I731 -> 13269.508 | F52: =E52*D52 -> 26539.015 | G52: ='PROPOSTAS LISTA '!K731 -> 13269.508 | H52: ='[1]PROPOSTAS LISTA 2'!K779 -> 6475.5913 | I52: 18 | L52: 2 | M52: 4480.94 | N52: 8961.88
B53: 7.2 | C53: CAIXA TORACOTOMIA INFANTIL | D53: 1 | E53: ='PROPOSTAS LISTA '!I779 -> 6825.0976 | F53: =E53*D53 -> 6825.0976 | G53: ='PROPOSTAS LISTA '!K779 -> 6825.0976 | H53: =G53*D53 -> 6825.0976 | I53: 18 | L53: 1 | M53: 3954.23 | N53: 3954.23
B55: 8 | C55: Serviço de Locação de Instrumentais para Cirurgia Ginecológica e Obstetrícia | H55: =SUM(H57:H59) -> 51354.5 | K55: 51427.08 | N55: 51241.25
B56: SUBITEM | C56: Caixa de Instrumental | D56: QTD | E56: Valor Unit Bruto | F56: Valor Total Bruto | G56: Valor Unit sem ICMS | H56: Valor Total sem ICMS | I56: Aliquota % ICMS
B57: 8.1 | C57: CAIXA CURETAGEM UTERINA | D57: 5 | E57: ='PROPOSTAS LISTA '!I815 -> 2298.41 | F57: =E57*D57 -> 11492.05 | G57: ='PROPOSTAS LISTA '!K815 -> 2298.41 | H57: =G57*D57 -> 11492.05 | I57: 18 | L57: 5 | M57: 2281.98 | N57: 11409.91
B58: 8.2 | C58: CAIXA HISTERECTOMIA ABDOMINAL | D58: 5 | E58: ='PROPOSTAS LISTA '!I851 -> 3133.79 | F58: =E58*D58 -> 15668.95 | G58: ='PROPOSTAS LISTA '!K851 -> 3133.79 | H58: =G58*D58 -> 15668.95 | I58: 18 | L58: 5 | M58: 3102.21 | N58: 15511.06
B59: 8.3 | C59: CAIXA PARTO CESÁREA | D59: 10 | E59: ='[1]PROPOSTAS LISTA 2'!I880 -> 2419.356 | F59: ='PROPOSTAS LISTA '!I880 -> 2419.35 | G59: ='PROPOSTAS LISTA '!K880 -> 2419.35 | H59: =G59*D59 -> 24193.5 | I59: 18 | L59: 10 | M59: 2432.03 | N59: 24320.28
B61: 9 | C61: Serviço de Locação de Instrumetais para Cirurgia Odontológicas | H61: =SUM(H63:H64) -> 10299.733 | K61: 10313.65 | N61: 10636.95
B62: SUBITEM | C62: Caixa de Instrumental | D62: QTD | E62: Valor Unit Bruto | F62: Valor Total Bruto | G62: Valor Unit sem ICMS | H62: Valor Total sem ICMS | I62: Aliquota % ICMS
B63: 9.1 | C63: CAIXA CIRURGIA BUCOMAXILOFACIAL | D63: 1 | E63: ='PROPOSTAS LISTA '!I963 -> 7781.4248 | F63: =E63*D63 -> 7781.4248 | G63: ='PROPOSTAS LISTA '!K963 -> 7781.4248 | H63: =G63*D63 -> 7781.4248 | I63: 18 | L63: 1 | M63: 8100.82 | N63: 8100.82
B64: 9.2 | C64: CAIXA CIRURGICA EXTRAÇÃO BUCO | D64: 1 | E64: ='PROPOSTAS LISTA '!I1009 -> 2530.5946 | F64: ='PROPOSTAS LISTA '!K1009 -> 2530.5946 | G64: ='[1]PROPOSTAS LISTA 2'!K1009 -> 2518.3078 | H64: =G64*D64 -> 2518.3078 | I64: 18 | L64: 1 | M64: 2536.13 | N64: 2536.13
B66: 10 | C66: Serviço de Locação de Instrumetais para Cirurgias Coloproctologia | H66: =H68 -> 2003.9893 | K66: 2004.69 | N66: 1739.09
B67: SUBITEM | C67: Caixa de Instrumental | D67: QTD | E67: Valor Unit Bruto | F67: Valor Total Bruto | G67: Valor Unit sem ICMS | H67: Valor Total sem ICMS | I67: Aliquota % ICMS
B68: 10.1 | C68: CAIXA DE HEMORROIDECTOMIA | D68: 1 | E68: ='PROPOSTAS LISTA '!I1034 -> 2003.9893 | F68: =E68*D68 -> 2003.9893 | G68: ='PROPOSTAS LISTA '!K1034 -> 2003.9893 | H68: =G68*D68 -> 2003.9893 | I68: 18 | L68: 1 | M68: 1739.09 | N68: 1739.09
B70: 11 | C70: Serviço de Locação de Instrumetais para Cirurgia Bariátrica | H70: =H72 -> 7348.4866 | K70: 7417.65 | N70: 7602.97
B71: SUBITEM | C71: Caixa de Instrumental | D71: QTD | E71: Valor Unit Bruto | F71: Valor Total Bruto | G71: Valor Unit sem ICMS | H71: Valor Total sem ICMS | I71: Aliquota % ICMS
B72: 11.1 | C72: CAIXA CIRURGIA BARIATRICA | D72: 2 | E72: ='PROPOSTAS LISTA '!I1071 -> 3674.2433 | F72: =E72*D72 -> 7348.4866 | G72: ='PROPOSTAS LISTA '!K1071 -> 3674.2433 | H72: =G72*D72 -> 7348.4866 | I72: 18 | L72: 2 | M72: 3801.48 | N72: 7602.97
B74: 12 | C74: Serviço de Locação de Instrumetais para Cirurgia de Cabeça e pescoço | H74: =H76 -> 8507.3221 | K74: 8551.37 | N74: 7842.11
B75: SUBITEM | C75: Caixa de Instrumental | D75: QTD | E75: Valor Unit Bruto | F75: Valor Total Bruto | G75: Valor Unit sem ICMS | H75: Valor Total sem ICMS | I75: Aliquota % ICMS
B76: 12.1 | C76: CAIXA CIRURGIA CABEÇA E PESCOÇO | D76: 2 | E76: ='PROPOSTAS LISTA '!I1113 -> 4253.661 | F76: =E76*D76 -> 8507.3221 | G76: ='PROPOSTAS LISTA '!K1113 -> 4253.661 | H76: =G76*D76 -> 8507.3221 | I76: 18 | L76: 2 | M76: 3921.06 | N76: 7842.11
B78: 13 | C78: Serviço de Locação de Instrumentais para Cirurgia Vascular | H78: =SUM(H80:H81) -> 19794.622 | K78: 19900.2 | N78: 18964.62
B79: SUBITEM | C79: Caixa de Instrumental | D79: QTD | E79: Valor Unit Bruto | F79: Valor Total Bruto | G79: Valor Unit sem ICMS | H79: Valor Total sem ICMS | I79: Aliquota % ICMS
B80: 13.1 | C80: CAIXA CIRURGIA VASCULAR | D80: 2 | E80: ='PROPOSTAS LISTA '!I1183 -> 7242.4574 | F80: =E80*D80 -> 14484.915 | G80: ='PROPOSTAS LISTA '!K1183 -> 7242.4574 | H80: =G80*D80 -> 14484.915 | I80: 18 | L80: 2 | M80: 7405.02 | N80: 14810.05
B81: 13.2 | C81: CAIXA CIRURGIA FISTULA ARTERIOVENOSA | D81: 2 | E81: ='PROPOSTAS LISTA '!I1215 -> 2654.8538 | F81: =E81*D81 -> 5309.7077 | G81: ='PROPOSTAS LISTA '!K1215 -> 2654.8538 | H81: =G81*D81 -> 5309.7077 | I81: 18 | L81: 2 | M81: 2077.29 | N81: 4154.58
B83: 14 | C83: Serviço de Locação de Instrumetais para Cirurgia Ortopédicas | H83: =SUM(H85:H88) -> 31230.874 | K83: 31237.82 | N83: 34031.46
B84: SUBITEM | C84: Caixa de Instrumental | D84: QTD | E84: Valor Unit Bruto | F84: Valor Total Bruto | G84: Valor Unit sem ICMS | H84: Valor Total sem ICMS | I84: Aliquota % ICMS
B85: 14.1 | C85: CAIXA CIRURGIA MÃO | D85: 2 | E85: ='PROPOSTAS LISTA '!I1304 -> 5779.0459 | F85: =E85*D85 -> 11558.092 | G85: ='PROPOSTAS LISTA '!K1304 -> 5779.0459 | H85: =G85*D85 -> 11558.092 | I85: 18 | L85: 2 | M85: 5863.8 | N85: 11727.6
B86: 14.2 | C86: CAIXA MICROCIRURGIA MÃO | D86: 2 | E86: ='PROPOSTAS LISTA '!I1316 -> 2500.4585 | F86: =E86*D86 -> 5000.917 | G86: ='PROPOSTAS LISTA '!K1316 -> 2500.4585 | H86: =G86*D86 -> 5000.917 | I86: 18 | L86: 2 | M86: 3207.16 | N86: 6414.32
B87: 14.3 | C87: CAIXA CIRURGIA PÉ | D87: 2 | E87: ='PROPOSTAS LISTA '!I1372 -> 3193.0662 | F87: =E87*D87 -> 6386.1325 | G87: ='[1]PROPOSTAS LISTA 2'!K1372 -> 4142.8663 | H87: =G87*D87 -> 8285.7325 | I87: 18 | L87: 2 | M87: 3944.21 | N87: 7888.42
B88: 14.4 | C88: CAIXA CIRURGIA OMBRO | D88: 2 | E88: ='[1]PROPOSTAS LISTA 2'!I1423 -> 5306.7178 | F88: =E88*D88 -> 10613.436 | G88: ='PROPOSTAS LISTA '!K1372 -> 3193.0662 | H88: =G88*D88 -> 6386.1325 | I88: 18 | L88: 2 | M88: 4000.56 | N88: 8001.12
B90: 15 | C90: Serviço de Locação de Instrumetais para Cirurgia Plástica | H90: =SUM(H92:H94) -> 9433.8922 | K90: 9448.47 | N90: 8961.43
B91: SUBITEM | C91: Caixa de Instrumental | D91: QTD | E91: Valor Unit Bruto | F91: Valor Total Bruto | G91: Valor Unit sem ICMS | H91: Valor Total sem ICMS | I91: Aliquota % ICMS
B92: 15.1 | C92: CAIXA LIPOASPIRAÇÃO | D92: 2 | E92: ='PROPOSTAS LISTA '!I1439 -> 1629.9626 | F92: =E92*D92 -> 3259.9253 | G92: ='PROPOSTAS LISTA '!K1439 -> 1629.9626 | H92: =G92*D92 -> 3259.9253 | I92: 18 | L92: 2 | M92: Não cotamos
B93: 15.2 | C93: CAIXA MAMOPLASTIA/ABDOMINOPLASTIA | D93: 2 | E93: ='PROPOSTAS LISTA '!I1471 -> 1400.173 | F93: =E93*D93 -> 2800.3461 | G93: ='PROPOSTAS LISTA '!K1471 -> 1400.173 | H93: =G93*D93 -> 2800.3461 | I93: 18 | L93: 2 | M93: 2073.48 | N93: 4146.96
B94: 15.3 | C94: CAIXA CIRURGIA PLASTICA | D94: 2 | E94: ='PROPOSTAS LISTA '!I1509 -> 1686.8104 | F94: =E94*D94 -> 3373.6208 | G94: ='PROPOSTAS LISTA '!K1509 -> 1686.8104 | H94: =G94*D94 -> 3373.6208 | I94: 18 | L94: 2 | M94: 2407.23 | N94: 4814.47
B96: 16 | C96: Serviço de Locação de Instrumetais para Cirurgia Urológica | H96: =SUM(H98:H100) -> 16942.66 | K96: =H96 -> 16942.66 | N96: 20561.43
B97: SUBITEM | C97: Caixa de Instrumental | D97: QTD | E97: Valor Unit Bruto | F97: Valor Total Bruto | G97: Valor Unit sem ICMS | H97: Valor Total sem ICMS | I97: Aliquota % ICMS
B98: 16.1 | C98: CAIXA CIRURGIA UROLOGIA INFANTIL | D98: 1 | E98: ='PROPOSTAS LISTA '!I1576 -> 3963.0445 | F98: =E98*D98 -> 3963.0445 | G98: ='PROPOSTAS LISTA '!K1576 -> 3963.0445 | H98: =G98*D98 -> 3963.0445 | I98: 18 | L98: 1 | M98: 4809.53 | N98: 4809.53
B99: 16.2 | C99: CAIXA CIRURGIA BASICA UROLOGIA | D99: 2 | E99: ='PROPOSTAS LISTA '!I1638 -> 4427.3108 | F99: =E99*D99 -> 8854.6216 | G99: ='PROPOSTAS LISTA '!K1638 -> 4427.3108 | H99: =G99*D99 -> 8854.6216 | I99: 18 | L99: 2 | M99: 5372.93 | N99: 10745.86
B100: 16.3 | C100: CAIXA PERINEOPLASTIA | D100: 2 | E100: ='PROPOSTAS LISTA '!I1674 -> 2062.4967 | F100: ='PROPOSTAS LISTA '!I1674 -> 2062.4967 | G100: ='PROPOSTAS LISTA '!K1674 -> 2062.4967 | H100: =G100*D100 -> 4124.9934 | I100: 18 | L100: 2 | M100: 2503.02 | N100: 5006.04
B102: 17 | C102: Serviço Locação Instrumentais Avulsos | H102: =SUM(H104:H107) -> 21821.86 | K102: =H102 -> 21821.86 | N102: 17004.62
B103: SUBITEM | C103: Caixa de Instrumental | D103: QTD | E103: Valor Unit Bruto | F103: Valor Total Bruto | G103: Valor Unit sem ICMS | H103: Valor Total sem ICMS | I103: Aliquota % ICMS
B104: 17.1 | C104: Avulsos: Cirurgia Neurológica | D104: 1 | E104: ='PROPOSTAS LISTA '!I1692 -> 2376.3666 | F104: =E104*D104 -> 2376.3666 | G104: ='PROPOSTAS LISTA '!K1692 -> 2376.3666 | H104: =G104*D104 -> 2376.3666 | I104: 18 | L104: 1 | M104: 2573.05 | N104: 2573.05
B105: 17.2 | C105: Avulsos: Cirurgia Ortopédicas | D105: 1 | E105: ='PROPOSTAS LISTA '!I1698 -> 7969.1512 | F105: =E105*D105 -> 7969.1512 | G105: ='PROPOSTAS LISTA '!K1698 -> 7969.1512 | H105: =G105*D105 -> 7969.1512 | I105: 18 | L105: 1 | M105: 9671.3 | N105: 9671.3
B106: 17.3 | C106: Avulsos: Cirurgia Ginecológica e Obstetrícia | D106: 1 | E106: ='PROPOSTAS LISTA '!I1705 -> 570.94136 | F106: =E106*D106 -> 570.94136 | G106: ='PROPOSTAS LISTA '!K1698 -> 7969.1512 | H106: =G106*D106 -> 7969.1512 | I106: 18 | L106: 1 | M106: 504 | N106: 504
B107: 17.4 | C107: Avulsos: Cirurgia Cardíaca | D107: 1 | E107: ='PROPOSTAS LISTA '!I1716 -> 3507.1912 | F107: =E107*D107 -> 3507.1912 | G107: ='PROPOSTAS LISTA '!K1716 -> 3507.1912 | H107: =G107*D107 -> 3507.1912 | I107: 18 | L107: 1 | M107: 4256.27 | N107: 4256.27
C109: TOTAL GERAL | D109: =SUM(D20:D107) -> 92 | H109: =H102+H96+H90+H83+H78+H74+H70+H66+H61+H55+H50+H45+H39+H34+H29+H24+H18 -> 422997.35 | K109: =SUM(K18:K108) -> 423373.08 | L109: 9773072.9 | N109: =N18+N24+N29+N34+N39+N45+N50+N55+N61+N66+N70+N74+N78+N83+N90+N96+N102 -> 419562.33
L110: 407211.37

Sheet PROPOSTAS LISTA 
D2: SUBITEM 1.1 - Caixa para Cirurgia Coronária
C3: ITEM | D3: DESCRITIVO | E3: QTD | F3: CODIGO | G3: ANVISA | H3: Valor Unit Bruto | I3: Valor Total Bruto | J3: Valor Unit sem ICMS | K3: Valor Total sem ICMS | L3: Aliquota % ICMS | N3: ICMS
A4: 2. 2-Acessório afastador mamária acoplado. | B4: AI00743 | C4: 1 | D4: Acessório afastador mamária acoplado | E4: 2 | F4: FX.41.684 | G4: 81897719006 | H4: 353.99104 | I4: =H4*E4 -> 707.98208 | J4: =O4 -> 353.99104 | K4: =J4*E4 -> 707.98208 | L4: 0 | N4: =H4*L4 -> 0 | O4: =H4-N4 -> 353.99104
A5: 3. 1-Afastador Dinkhuysen mamária, tamanho adulto; | B5: AI01471 | C5: 2 | D5: Afastador Dinkhuysen mamária, tamanho adulto | E5: 1 | F5: FX.41.685 | G5: 81897719006 | H5: 270.32 | I5: =H5*E5 -> 270.32 | J5: =O5 -> 270.32 | K5: =J5*E5 -> 270.32 | L5: 0 | N5: =H5*L5 -> 0 | O5: =H5-N5 -> 270.32
A6: 4. 2-Afastador Finochietto, tamanho adulto, deverá vir com acessório para afastador finochietto aclopado; | B6: FX.14.456 | C6: 3 | D6: Finochietto Afastador de Costelas, 74x64mm, 245mm - inclui acessórios | E6: 2 | F6: FX.14.456 | G6: 81897719002 | H6: 473.3248 | I6: =H6*E6 -> 946.6496 | J6: =O6 -> 473.3248 | K6: =J6*E6 -> 946.6496 | L6: 0 | N6: =H6*L6 -> 0 | O6: =H6-N6 -> 473.3248
A7: 5. 2-Afastador Autostático, com 4 ganchos no afastador, apresentando 15 cm | B7: FX.11.218 | C7: 4 | D7: Afastador Mollison, garras com 4 x 4 dentes, 15cm | E7: 2 | F7: FX.11.218 | G7: 81897719002 | H7: 121.71328 | I7: =H7*E7 -> 243.42656 | J7: =O7 -> 121.71328 | K7: =J7*E7 -> 243.42656 | L7: 0 | N7: =H7*L7 -> 0 | O7: =H7-N7 -> 121.71328
A8: 6. 2-Afastador Farabeuf, tamanho grande, com 15 cm de comprimento; | B8: FX.10.729 | C8: 5 | D8: Afastador Farabeuf, par com 2 válvulas duplas de lâmina plana, 15cm | E8: 2 | F8: FX.10.729 | G8: 81897719002 | H8: 16.91456 | I8: =H8*E8 -> 33.82912 | J8: =O8 -> 16.91456 | K8: =J8*E8 -> 33.82912 | L8: 0 | N8: =H8*L8 -> 0 | O8: =H8-N8 -> 16.91456
A9: 7. 2-Cabo de Bisturi, longo n° 3, com 20 cm de comprimento; | B9: FX.18.092 | C9: 6 | D9: Cabo de Bisturi, #3L, 20cm | E9: 2 | F9: FX.18.092 | G9: 81897719002 | H9: 12.17216 | I9: =H9*E9 -> 24.34432 | J9: =O9 -> 12.17216 | K9: =J9*E9 -> 24.34432 | L9: 0 | N9: =H9*L9 -> 0 | O9: =H9-N9 -> 12.17216
A10: 8. 2-Cabo de Bisturi, n° 4, com 13 cm de comprimento; | B10: FX.09.156 | C10: 7 | D10: Cabo de bisturi nº 4, standard, 12cm | E10: 2 | F10: FX.09.156 | G10: 81897719002 | H10: 6.77248 | I10: =H10*E10 -> 13.54496 | J10: =O10 -> 6.77248 | K10: =J10*E10 -> 13.54496 | L10: 0 | N10: =H10*L10 -> 0 | O10: =H10-N10 -> 6.77248
A11: 9. 2-Cabo de Bisturi, n° 7, com 16,5 cm de comprimento; | B11: FX.18.097 | C11: 8 | D11: Cabo de Bisturi, #7, 16cm | E11: 2 | F11: FX.18.097 | G11: 81897719002 | H11: 8.112 | I11: =H11*E11 -> 16.224 | J11: =O11 -> 8.112 | K11: =J11*E11 -> 16.224 | L11: 0 | N11: =H11*L11 -> 0 | O11: =H11-N11 -> 8.112
A12: 10. 2-Cortador de Fio de Aço, com 20 cm de comprimento; | B12: 13-190-20 | C12: 9 | D12: Cortador de fios de aço, lâminas anguladas com wídea TC e corte diagonal, 20cm | E12: 2 | F12: 13-190-20 | G12: 81897710001 | H12: 202.86656 | I12: =H12*E12 -> 405.73312 | J12: =O12 -> 202.86656 | K12: =J12*E12 -> 405.73312 | L12: 0 | N12: =H12*L12 -> 0 | O12: =H12-N12 -> 202.86656
A13: 11. 4-Clamp tipo Bulldog, ponta angulada, com 12 mm de comprimento; | B13: FX.13.961 | C13: 10 | D13: Gregory Bulldog Clamp, Atraumatica, maleavel, angulada, 11cm | E13: 4 | F13: FX.13.961 | G13: 81897719002 | H13: 74.36416 | I13: =H13*E13 -> 297.45664 | J13: =O13 -> 74.36416 | K13: =J13*E13 -> 297.45664 | L13: 0 | N13: =H13*L13 -> 0 | O13: =H13-N13 -> 74.36416
A14: 12. 2-Cureta tipo Simon, reta, com ponta rígida concha, com 8,5 mm de diâmetro 20CM | B14: CRIAR | C14: 11 | D14: Simon Colher Uterina, afiada, 8.5mm, 20cm | E14: 2 | F14: FX.41.653 | G14: 81897719006 | H14: 29.73568 | I14: =H14*E14 -> 59.47136 | J14: =O14 -> 29.73568 | K14: =J14*E14 -> 59.47136 | L14: 0 | N14: =H14*L14 -> 0 | O14: =H14-N14 -> 29.73568
A15: 13. 2-Estilete Rummel, com 26 cm de comprimento; | B15: FX.14.236 | C15: 12 | D15: Estilete para passar fios, ponta em gancho, calibre de 1.5mm, 26cm | E15: 2 | F15: FX.14.236 | G15: 81897719002 | H15: 18.94464 | I15: =H15*E15 -> 37.88928 | J15: =O15 -> 18.94464 | K15: =J15*E15 -> 37.88928 | L15: 0 | N15: =H15*L15 -> 0 | O15: =H15-N15 -> 18.94464
... A51: 49. 4-Tesoura de Mayo, reta, com 14 cm de comprimento; | B51: FX.09.375 | C51: 48 | D51: Tesoura Mayo, lâminas retas, largas com pontas rombas, 14.5cm | E51: 4 | F51: FX.09.375 | G51: 81897719002 | H51: 17.36384 | I51: =H51*E51 -> 69.45536 | J51: =O51 -> 17.36384 | K51: =J51*E51 -> 69.45536 | L51: 0 | N51: =H51*L51 -> 0 | O51: =H51-N51 -> 17.36384
A52: 50. 1- Caixa perfurada, com travas, para armazenamento de todo conjunto de | B52: FX.60.075 | C52: 49 | D52: Box de container tamanho 1/1, em alumínio anodizado, dimensões internas 550x260x135 mm | E52: 1 | F52: FX.60.075 | G52: Isento | H52: 590.62848 | I52: =H52*E52 -> 590.62848 | J52: =O52 -> 590.62848 | K52: =J52*E52 -> 590.62848 | L52: 0 | N52: =H52*L52 -> 0 | O52: =H52-N52 -> 590.62848
B53: FX.60.009 | C53: 50 | D53: Tampa para container tamanho 1/1, com sistema de barreira permanente, silicone em toda extensão para perfeita vedação, cor vermelha | E53: 1 | F53: FX.60.009 | G53: Isento | H53: 681.45792 | I53: =H53*E53 -> 681.45792 | J53: =O53 -> 681.45792 | K53: =J53*E53 -> 681.45792 | L53: 0 | N53: =H53*L53 -> 0 | O53: =H53-N53 -> 681.45792
B54: FX.60.666 | C54: 51 | D54: Cesto aramado compatível com box tamanho 1/1, com pés, dimensões 539x252x110 mm | E54: 1 | F54: FX.60.666 | G54: Isento | H54: 456.06912 | I54: =H54*E54 -> 456.06912 | J54: =O54 -> 456.06912 | K54: =J54*E54 -> 456.06912 | L54: 0 | N54: =H54*L54 -> 0 | O54: =H54-N54 -> 456.06912
B55: FX.62.227 | C55: 52 | D55: Placa de Identificação propria para a base de container, em aluminio na cor vermelha | E55: 2 | F55: FX.62.227 | G55: Isento | H55: 9.57632 | I55: =H55*E55 -> 19.15264 | J55: =O55 -> 9.57632 | K55: =J55*E55 -> 19.15264 | L55: 0 | N55: =H55*L55 -> 0 | O55: =H55-N55 -> 9.57632
D56: Total | E56: =SUM(E4:E55) -> 139 | I56: =SUM(I4:I55) -> 10909.354 | K56: =SUM(K4:K55) -> 10909.354 | N56: =H56*L56 -> 0 | O56: =H56-N56 -> 0
N57: =H57*L57 -> 0 | O57: =H57-N57 -> 0
D58: Subitem 1.2 - Caixa para Cirurgia de Válvula Cardíaca | N58: =H58*L58 -> 0 | O58: =H58-N58 -> 0
C59: ITEM | D59: DESCRITIVO | E59: QTD | F59: CODIGO | G59: ANVISA | H59: Valor Unit Bruto | I59: Valor Total Bruto | J59: Valor Unit sem ICMS | K59: Valor Total sem ICMS | L59: Aliquota % ICMS | N59: =H59*L59 -> #VALUE! | O59: =H59-N59 -> #VALUE!
A60: 2. 2-Afastador Autostático, com 4 ganchos no afastador, com 15 cm de comprimento; | B60: FX.11.218 | C60: 1 | D60: Afastador Mollison, garras com 4 x 4 dentes agudos, hastes comcurva acentuada, movimento por cremalheira, 15cm | E60: 2 | F60: FX.11.218 | G60: 81897719002 | H60: 121.71328 | I60: =H60*E60 -> 243.42656 | J60: =O60 -> 121.71328 | K60: =J60*E60 -> 243.42656 | L60: 0 | N60: =H60*L60 -> 0 | O60: =H60-N60 -> 121.71328
A61: 3. 2-Afastador Ventrículo, tamanho pequeno, com 20cm de comprimento; | B61: QZ.044.01 | C61: 2 | D61: Afastador Ventrículo, tamanho pequeno, 20cm | E61: 2 | F61: QZ.044.01 | G61: 10301950027 | H61: 209.85536 | I61: =H61*E61 -> 419.71072 | J61: =O61 -> 209.85536 | K61: =J61*E61 -> 419.71072 | L61: 0 | N61: =H61*L61 -> 0 | O61: =H61-N61 -> 209.85536
A62: 4. 2-Afastador Ventrículo, tamanho médio, com 20cm de comprimento; | B62: QZ.044.02 | C62: 3 | D62: Afastador Ventrículo, tamanho médio, 20cm | E62: 2 | F62: QZ.044.02 | G62: 10301950027 | H62: 209.85536 | I62: =H62*E62 -> 419.71072 | J62: =O62 -> 209.85536 | K62: =J62*E62 -> 419.71072 | L62: 0 | N62: =H62*L62 -> 0 | O62: =H62-N62 -> 209.85536
A63: 5. 1-Afastador Atril Esquerdo, com 21 cm de comprimento; | B63: FX.11.108 | C63: 4 | D63: Afastador Cooley, válvula aramada serrilhada, fenestrada, curva p/direita, com dimensões de 45mm x 48mm, 21.5cm | E63: 1 | F63: FX.11.108 | G63: 81897719002 | H63: 135.21664 | I63: =H63*E63 -> 135.21664 | J63: =O63 -> 135.21664 | K63: =J63*E63 -> 135.21664 | L63: 0 | N63: =H63*L63 -> 0 | O63: =H63-N63 -> 135.21664
A64: 6. 1-Afastador Atril Direito, com 21 cm de comprimento; | B64: FX.11.107 | C64: 5 | D64: Afastador Cooley, válvula aramada lisa, fenestrada, curva p/ direita, com dimensões de 45mm x 48mm, 21.5cm | E64: 1 | F64: FX.11.107 | G64: 81897719002 | H64: 135.21664 | I64: =H64*E64 -> 135.21664 | J64: =O64 -> 135.21664 | K64: =J64*E64 -> 135.21664 | L64: 0 | N64: =H64*L64 -> 0 | O64: =H64-N64 -> 135.21664
A65: 7. 2-Afastador de externo, simples, com 30 cm de comprimento; | B65: QZ.010.04 | C65: 6 | D65: Afastador de externo, simples, 30cm | E65: 2 | F65: QZ.010.04 | G65: 10301950026 | H65: 879.02464 | I65: =H65*E65 -> 1758.0493 | J65: =O65 -> 879.02464 | K65: =J65*E65 -> 1758.0493 | L65: 0 | N65: =H65*L65 -> 0 | O65: =H65-N65 -> 879.02464
A66: 8. 2-Afastador Farabeuf, tamanho grande, com 15cm de comprimento; | B66: FX.10.729 | C66: 7 | D66: Afastador Farabeuf, par com 2 válvulas duplas de lâmina plana, 15cm | E66: 2 | F66: FX.10.729 | G66: 81897719002 | H66: 16.91456 | I66: =H66*E66 -> 33.82912 | J66: =O66 -> 16.91456 | K66: =J66*E66 -> 33.82912 | L66: 0 | N66: =H66*L66 -> 0 | O66: =H66-N66 -> 16.91456
A67: 9. 2-Cabo de Bisturi, n. 3, longo, com 20cm de comprimento; | B67: FX.18.092 | C67: 8 | D67: Cabo de Bisturi, #3L, 20cm | E67: 2 | F67: FX.18.092 | G67: 81897719002 | H67: 12.17216 | I67: =H67*E67 -> 24.34432 | J67: =O67 -> 12.17216 | K67: =J67*E67 -> 24.34432 | L67: 0 | N67: =H67*L67 -> 0 | O67: =H67-N67 -> 12.17216
A68: 10. 2-Cabo de Bisturi, n.4, com 13cm de comprimeno; | B68: FX.09.156 | C68: 9 | D68: Cabo de bisturi nº 4, standard, 12cm | E68: 2 | F68: FX.09.156 | G68: 81897719002 | H68: 6.77248 | I68: =H68*E68 -> 13.54496 | J68: =O68 -> 6.77248 | K68: =J68*E68 -> 13.54496 | L68: 0 | N68: =H68*L68 -> 0 | O68: =H68-N68 -> 6.77248
A69: 11. 2-Cabo de Bisturi, n. 7, com 16,5cm de comprimento; | B69: FX.18.097 | C69: 10 | D69: Cabo de Bisturi, #7, 16cm | E69: 2 | F69: FX.18.097 | G69: 81897719002 | H69: 8.112 | I69: =H69*E69 -> 16.224 | J69: =O69 -> 8.112 | K69: =J69*E69 -> 16.224 | L69: 0 | N69: =H69*L69 -> 0 | O69: =H69-N69 -> 8.112
A70: 12. 1-Cânula para Cardioplegia, tipo Dinkhuysen ponta 90°, com 20cm de comprimento; | B70: AI02166 | C70: 11 | D70: Cânula para Cardioplegia, tipo Dinkhuysen ponta 90°, 20cm | E70: 1 | F70: FX.41.673 | G70: 81897710042 | H70: 281.73184 | I70: =H70*E70 -> 281.73184 | J70: =O70 -> 281.73184 | K70: =J70*E70 -> 281.73184 | L70: 0 | N70: =H70*L70 -> 0 | O70: =H70-N70 -> 281.73184
A71: 13. 1-Cânula para Cardioplegia, tipo Dinkhuysen ponta 30°, cin 20cm de comprimento; | B71: AI02167 | C71: 12 | D71: Cânula para Cardioplegia, tipo Dinkhuysen ponta 30°, 20cm | E71: 1 | F71: FX.41.674 | G71: 81897710042 | H71: 281.73184 | I71: =H71*E71 -> 281.73184 | J71: =O71 -> 281.73184 | K71: =J71*E71 -> 281.73184 | L71: 0 | N71: =H71*L71 -> 0 | O71: =H71-N71 -> 281.73184
... A105: 47. 4-Porta Agulha Mayo Hegar, com vídea, com 20cm de comprimento; | B105: FX.11.902 | C105: 46 | D105: Porta Agulha Mayo-Hegar, pontas com wídea TC, retas, 20cm | E105: 4 | F105: FX.11.902 | G105: 81897719003 | H105: 91.27872 | I105: =H105*E105 -> 365.11488 | J105: =O105 -> 91.27872 | K105: =J105*E105 -> 365.11488 | L105: 0 | N105: =H105*L105 -> 0 | O105: =H105-N105 -> 91.27872
A106: 48. 4-Porta Agulha Mayo Hegar com vídea, com 23cm de comprimento; | B106: FX.11.903 | C106: 47 | D106: Porta Agulha Mayo-Hegar, pontas com wídea TC, retas, 24cm | E106: 4 | F106: FX.11.903 | G106: 81897719003 | H106: 101.4208 | I106: =H106*E106 -> 405.6832 | J106: =O106 -> 101.4208 | K106: =J106*E106 -> 405.6832 | L106: 0 | N106: =H106*L106 -> 0 | O106: =H106-N106 -> 101.4208
A107: 49. 4-Tesoura de Mayo, reta, com 14cm de comprimento; | B107: FX.09.375 | C107: 48 | D107: Tesoura Mayo, lâminas retas, largas com pontas rombas, 14.5cm | E107: 4 | F107: FX.09.375 | G107: 81897719002 | H107: 17.36384 | I107: =H107*E107 -> 69.45536 | J107: =O107 -> 17.36384 | K107: =J107*E107 -> 69.45536 | L107: 0 | N107: =H107*L107 -> 0 | O107: =H107-N107 -> 17.36384
A108: 50. 2-Tesoura de Tubo, reta forte, com 20cm de comprimento; | B108: FX.10.608 | C108: 49 | D108: Pinça Presbyterian para tubos, pontas retas e lisas, 20cm | E108: 2 | F108: FX.10.608 | G108: 81897719002 | H108: 25.68384 | I108: =H108*E108 -> 51.36768 | J108: =O108 -> 25.68384 | K108: =J108*E108 -> 51.36768 | L108: 0 | N108: =H108*L108 -> 0 | O108: =H108-N108 -> 25.68384
A109: 51. 2-Tesoura Metzenbaum, curva, com 14cm de comprimento; | B109: FX.09.450 | C109: 50 | D109: Tesoura Metzenbaum, lâminas curvas, finas com pontas rombas, 14.5cm | E109: 2 | F109: FX.09.450 | G109: 81897719002 | H109: 16.06592 | I109: =H109*E109 -> 32.13184 | J109: =O109 -> 16.06592 | K109: =J109*E109 -> 32.13184 | L109: 0 | N109: =H109*L109 -> 0 | O109: =H109-N109 -> 16.06592
A110: 52. 4-Tesoura Metzenbaum, curva, com 20cm de comprimento; | B110: FX.09.481 | C110: 51 | D110: Tesoura Metzenbaum-Nelson, lâminas curvas, finas com pontas rombas, 20cm | E110: 4 | F110: FX.09.481 | G110: 81897719002 | H110: 21.98976 | I110: =H110*E110 -> 87.95904 | J110: =O110 -> 21.98976 | K110: =J110*E110 -> 87.95904 | L110: 0 | N110: =H110*L110 -> 0 | O110: =H110-N110 -> 21.98976
A111: 53. 2-Tesoura Metzenbaum, curva, com 23cm de comprimento; | B111: FX.09.482 | C111: 52 | D111: Tesoura Metzenbaum-Nelson, lâminas curvas, finas com pontas rombas, 23cm | E111: 2 | F111: FX.09.482 | G111: 81897719002 | H111: 26.208 | I111: =H111*E111 -> 52.416 | J111: =O111 -> 26.208 | K111: =J111*E111 -> 52.416 | L111: 0 | N111: =H111*L111 -> 0 | O111: =H111-N111 -> 26.208
A112: 54. 1-Caixa perfurada, com travas, para armazenamento de todo conjunto | B112: FX.60.075 | C112: 53 | D112: Box de container tamanho 1/1, em alumínio anodizado, dimensões internas 550x260x135 mm | E112: 1 | F112: FX.60.075 | G112: Isento | H112: 590.62848 | I112: =H112*E112 -> 590.62848 | J112: =O112 -> 590.62848 | K112: =J112*E112 -> 590.62848 | L112: 0 | N112: =H112*L112 -> 0 | O112: =H112-N112 -> 590.62848
B113: FX.60.009 | C113: 54 | D113: Tampa para container tamanho 1/1, com sistema de barreira permanente, silicone em toda extensão para perfeita vedação, cor vermelha | E113: 1 | F113: FX.60.009 | G113: Isento | H113: 681.45792 | I113: =H113*E113 -> 681.45792 | J113: =O113 -> 681.45792 | K113: =J113*E113 -> 681.45792 | L113: 0 | N113: =H113*L113 -> 0 | O113: =H113-N113 -> 681.45792
B114: FX.60.666 | C114: 55 | D114: Cesto aramado compatível com box tamanho 1/1, com pés, dimensões 539x252x110 mm | E114: 1 | F114: FX.60.666 | G114: Isento | H114: 456.06912 | I114: =H114*E114 -> 456.06912 | J114: =O114 -> 456.06912 | K114: =J114*E114 -> 456.06912 | L114: 0 | N114: =H114*L114 -> 0 | O114: =H114-N114 -> 456.06912
B115: FX.62.227 | C115: 56 | D115: Placa de Identificação propria para a base de container, em aluminio na cor vermelha | E115: 2 | F115: FX.62.227 | G115: Isento | H115: 9.57632 | I115: =H115*E115 -> 19.15264 | J115: =O115 -> 9.57632 | K115: =J115*E115 -> 19.15264 | L115: 0 | N115: =H115*L115 -> 0 | O115: =H115-N115 -> 9.57632
D116: Total | E116: =SUM(E60:E115) -> 142 | I116: =SUM(I60:I115) -> 14131.736 | K116: =SUM(K60:K115) -> 14131.736 | N116: =H116*L116 -> 0 | O116: =H116-N116 -> 0
N117: =H117*L117 -> 0 | O117: =H117-N117 -> 0
D118: Subitem 1.3 - Caixa para Cirurgia Cardiovascular Delicada | N118: =H118*L118 -> 0 | O118: =H118-N118 -> 0
C119: ITEM | D119: DESCRITIVO | E119: QTD | F119: CODIGO | G119: ANVISA | H119: Valor Unit Bruto | I119: Valor Total Bruto | J119: Valor Unit sem ICMS | K119: Valor Total sem ICMS | L119: Aliquota % ICMS | N119: =H119*L119 -> #VALUE! | O119: =H119-N119 -> #VALUE!
A120: 2. 1-Dilatador e Coronaria, medindo 1,0 mm de espessura; | B120: FX.14.258 | C120: 1 | D120: DeBakey/ Garret Dilator Vascular, 1.0mm, 19cm | E120: 1 | F120: FX.14.258 | G120: 81897719002 | H120: 29.73568 | I120: =H120*E120 -> 29.73568 | J120: =O120 -> 24.383258 | K120: =J120*E120 -> 24.383258 | L120: 0.18 | N120: =H120*L120 -> 5.3524224 | O120: =H120-N120 -> 24.383258
A121: 3. 1-Dilatador e Coronaria, medindo 1,25 mm de espessura; | B121: FX.14.259 | C121: 2 | D121: DeBakey/ Garret Dilator Vascular, 1.5mm, 19cm | E121: 1 | F121: FX.14.259 | G121: 81897719002 | H121: 29.73568 | I121: =H121*E121 -> 29.73568 | J121: =O121 -> 24.383258 | K121: =J121*E121 -> 24.383258 | L121: 0.18 | N121: =H121*L121 -> 5.3524224 | O121: =H121-N121 -> 24.383258
A122: 4. 1-Dilatador e Coronaria, medindo 1,5 mm de espessura; | B122: FX.14.259 | C122: 3 | D122: DeBakey/ Garret Dilator Vascular, 1.5mm, 19cm | E122: 1 | F122: FX.14.259 | G122: 81897719002 | H122: 29.73568 | I122: =H122*E122 -> 29.73568 | J122: =O122 -> 24.383258 | K122: =J122*E122 -> 24.383258 | L122: 0.18 | N122: =H122*L122 -> 5.3524224 | O122: =H122-N122 -> 24.383258
A123: 5. 1-Dilatador e Coronaria, medindo 1,75 mm de espessura; | B123: FX.14.260 | C123: 4 | D123: DeBakey/ Garret Dilator Vascular, 2.0mm, 19cm | E123: 1 | F123: FX.14.260 | G123: 81897719002 | H123: 29.73568 | I123: =H123*E123 -> 29.73568 | J123: =O123 -> 24.383258 | K123: =J123*E123 -> 24.383258 | L123: 0.18 | N123: =H123*L123 -> 5.3524224 | O123: =H123-N123 -> 24.383258
A124: 6. 1-Dilatador e Coronaria, medindo 2,0 mm de espessura; | B124: FX.14.260 | C124: 5 | D124: DeBakey/ Garret Dilator Vascular, 2.0mm, 19cm | E124: 1 | F124: FX.14.260 | G124: 81897719002 | H124: 29.73568 | I124: =H124*E124 -> 29.73568 | J124: =O124 -> 24.383258 | K124: =J124*E124 -> 24.383258 | L124: 0.18 | N124: =H124*L124 -> 5.3524224 | O124: =H124-N124 -> 24.383258
A125: 7. 4-Pinça Dietrich, delicada, com 16cm de comprimento; | B125: FX.13.901 | C125: 6 | D125: DeBakey-Diethrich Pinça, Atraumatica, 1.5mm, 15cm | E125: 4 | F125: FX.13.901 | G125: 81897719002 | H125: 32.45632 | I125: =H125*E125 -> 129.82528 | J125: =O125 -> 26.614182 | K125: =J125*E125 -> 106.45673 | L125: 0.18 | N125: =H125*L125 -> 5.8421376 | O125: =H125-N125 -> 26.614182
A126: 8. 2-Pinça Dietrich, com 45° graus, medindo 18cm de comprimento; | B126: FX.09.510 | C126: 7 | D126: Tesoura Dietrich, lâminas anguladas 45º, muito finas com pontas agudas, 18cm | E126: 2 | F126: FX.09.510 | G126: 81897719002 | H126: 54.08 | I126: =H126*E126 -> 108.16 | J126: =O126 -> 44.3456 | K126: =J126*E126 -> 88.6912 | L126: 0.18 | N126: =H126*L126 -> 9.7344 | O126: =H126-N126 -> 44.3456
A127: 9. 2-Pinça Dietrich, com 60° graus, medindo 18cm de comprimento; | B127: FX.09.511 | C127: 8 | D127: Tesoura Dietrich, lâminas anguladas 60º, muito finas com pontas agudas, 18cm | E127: 2 | F127: FX.09.511 | G127: 81897719002 | H127: 54.08 | I127: =H127*E127 -> 108.16 | J127: =O127 -> 44.3456 | K127: =J127*E127 -> 88.6912 | L127: 0.18 | N127: =H127*L127 -> 9.7344 | O127: =H127-N127 -> 44.3456
A128: 10. 2-Pinça Dietrich, com 130° graus, medindo 18cm de comprimento; | B128: 05-391-00 | C128: 9 | D128: Tesoura Dietrich, lâminas anguladas 125º, muito finas com pontas agudas, 18cm | E128: 2 | F128: 05-391-00 | G128: 81897710017 | H128: 65.92768 | I128: =H128*E128 -> 131.85536 | J128: =O128 -> 54.060698 | K128: =J128*E128 -> 108.1214 | L128: 0.18 | N128: =H128*L128 -> 11.866982 | O128: =H128-N128 -> 54.060698
A129: 11. 1-Pinça Dinkhuysen, para dissecção de mamaria, com 23cm de comprimento; | B129: AI01471 | C129: 10 | D129: Pinça Dinkhuysen, para dissecção de mamaria, 23cm | E129: 1 | F129: FX.41.686 | G129: 81897719006 | H129: 150.2592 | I129: =H129*E129 -> 150.2592 | J129: =O129 -> 123.21254 | K129: =J129*E129 -> 123.21254 | L129: 0.18 | N129: =H129*L129 -> 27.046656 | O129: =H129-N129 -> 123.21254
A130: 12. 1-Porta Agulha Castroviejo, cabo redondo com trava, medindo 18cm | B130: FX.18.504 | C130: 11 | D130: Castroviejo Porta Agulha, reto, sem garras, 17cm | E130: 1 | F130: FX.18.504 | G130: 81897719002 | H130: 94.64832 | I130: =H130*E130 -> 94.64832 | J130: =O130 -> 77.611622 | K130: =J130*E130 -> 77.611622 | L130: 0.18 | N130: =H130*L130 -> 17.036698 | O130: =H130-N130 -> 77.611622
A131: 13. 1-Porta Agulha Castroviejo, com travas, medindo 18cm de comprimento; | B131: FX.18.504 | C131: 12 | D131: Castroviejo Porta Agulha, reto, sem garras, 17cm | E131: 1 | F131: FX.18.504 | G131: 81897719002 | H131: 94.64832 | I131: =H131*E131 -> 94.64832 | J131: =O131 -> 77.611622 | K131: =J131*E131 -> 77.611622 | L131: 0.18 | N131: =H131*L131 -> 17.036698 | O131: =H131-N131 -> 77.611622
A132: 14. 1-Porta Agulha para Coronaria, delicado, com 18cm de comprimento; | B132: FX.11.936 | C132: 13 | D132: Porta Agulha para Coronaria, delicado, 18cm | E132: 1 | F132: FX.11.936 | G132: 81897719003 | H132: 91.27872 | I132: =H132*E132 -> 91.27872 | J132: =O132 -> 74.84855 | K132: =J132*E132 -> 74.84855 | L132: 0.18 | N132: =H132*L132 -> 16.43017 | O132: =H132-N132 -> 74.84855
A133: 15. 2-Tesoura Metzembaum, curva, delicada, com 15cm de comprimento; | B133: FX.09.456 | C133: 14 | D133: Tesoura Metzembaum, curva, delicada, 15cm | E133: 2 | F133: FX.09.456 | G133: 81897719002 | H133: 19.43552 | I133: =H133*E133 -> 38.87104 | J133: =O133 -> 15.937126 | K133: =J133*E133 -> 31.874253 | L133: 0.18 | N133: =H133*L133 -> 3.4983936 | O133: =H133-N133 -> 15.937126
A134: 16. 1-Caixa perfurada, com travas, para armazenamento de todo conjunto | B134: FX.61.327 | C134: 15 | D134: Box de container tamanho 1/2, em alumínio anodizado, dimensões internas 260x260x115 mm | E134: 1 | F134: FX.61.327 | G134: Isento | H134: 405.53344 | I134: =H134*E134 -> 405.53344 | J134: =O134 -> 332.53742 | K134: =J134*E134 -> 332.53742 | L134: 0.18 | N134: =H134*L134 -> 72.996019 | O134: =H134-N134 -> 332.53742
B135: FX.61.275 | C135: 16 | D135: Tampa para container tamanho 1/2, com sistema de barreira permanente, silicone em toda extensão para perfeita vedação, cor vermelha | E135: 1 | F135: FX.61.275 | G135: Isento | H135: 439.27936 | I135: =H135*E135 -> 439.27936 | J135: =O135 -> 360.20908 | K135: =J135*E135 -> 360.20908 | L135: 0.18 | N135: =H135*L135 -> 79.070285 | O135: =H135-N135 -> 360.20908
B136: FX.61.853 | C136: 17 | D136: Cesto aramado compatível com box tamanho 1/2, com pés, dimensões 242x252x80 mm | E136: 1 | F136: FX.61.853 | G136: Isento | H136: 338.59072 | I136: =H136*E136 -> 338.59072 | J136: =O136 -> 277.64439 | K136: =J136*E136 -> 277.64439 | L136: 0.18 | N136: =H136*L136 -> 60.94633 | O136: =H136-N136 -> 277.64439
B137: FX.62.227 | C137: 18 | D137: Placa de Identificação propria para a base de container, em aluminio na cor vermelha | E137: 2 | F137: FX.62.227 | G137: Isento | H137: 9.57632 | I137: =H137*E137 -> 19.15264 | J137: =O137 -> 7.8525824 | K137: =J137*E137 -> 15.705165 | L137: 0.18 | N137: =H137*L137 -> 1.7237376 | O137: =H137-N137 -> 7.8525824
D138: Total | E138: =SUM(E120:E137) -> 26 | I138: =SUM(I120:I137) -> 2298.9408 | K138: =SUM(K120:K137) -> 1885.1315 | N138: =H138*L138 -> 0 | O138: =H138-N138 -> 0
N139: =H139*L139 -> 0 | O139: =H139-N139 -> 0
D140: Subitem 2.1 - Caixa para Laparotomia Adulto | N140: =H140*L140 -> 0 | O140: =H140-N140 -> 0
C141: ITEM | D141: DESCRITIVO | E141: QTD | F141: CODIGO | G141: ANVISA | H141: Valor Unit Bruto | I141: Valor Total Bruto | J141: Valor Unit sem ICMS | K141: Valor Total sem ICMS | L141: Aliquota % ICMS | N141: =H141*L141 -> #VALUE! | O141: =H141-N141 -> #VALUE!
A142: 2. 1-Aspirador, tipo Poole, curvo, com 22 cm de comprimento; | B142: FX.09.010 | C142: 1 | D142: Canula de aspiração Poole, tubular,angulada em 90º, tubo externo multi perfurado, calibre de 23 French (8mm), 22cm | E142: 1 | F142: FX.09.010 | G142: 81897710034 | H142: 47.5272 | I142: =H142*E142 -> 47.5272 | J142: =O142 -> 47.5272 | K142: =J142*E142 -> 47.5272 | L142: 0 | N142: =H142*L142 -> 0 | O142: =H142-N142 -> 47.5272
A143: 3. 2-Afastador Farabeuf, com 12 cm de comprimento; | B143: FX.10.726 | C143: 2 | D143: Afastador Farabeuf, par com 2 válvulas duplas de lâmina plana, 12cm | E143: 2 | F143: FX.10.726 | G143: 81897719002 | H143: 17.44596 | I143: =H143*E143 -> 34.89192 | J143: =O143 -> 17.44596 | K143: =J143*E143 -> 34.89192 | L143: 0 | N143: =H143*L143 -> 0 | O143: =H143-N143 -> 17.44596
A144: 4. 2-Afasatdor Farabeuf, com 15 cm de comprimento; | B144: FX.10.729 | C144: 3 | D144: Afastador Farabeuf, par com 2 válvulas duplas de lâmina plana, 15cm | E144: 2 | F144: FX.10.729 | G144: 81897719002 | H144: 19.82232 | I144: =H144*E144 -> 39.64464 | J144: =O144 -> 19.82232 | K144: =J144*E144 -> 39.64464 | L144: 0 | N144: =H144*L144 -> 0 | O144: =H144-N144 -> 19.82232
A145: 5. 2-Afastador Doyen, com lâmina de 115mmx45mm; | B145: FX.17.009 | C145: 4 | D145: Doyen Especulo Vaginal, 45x115mm | E145: 2 | F145: FX.17.009 | G145: 81897719002 | H145: 57.03264 | I145: =H145*E145 -> 114.06528 | J145: =O145 -> 57.03264 | K145: =J145*E145 -> 114.06528 | L145: 0 | N145: =H145*L145 -> 0 | O145: =H145-N145 -> 57.03264
A146: 6. 3-Afastador Doyen, com lâmina de 75mmx45mm; | B146: FX.17.022 | C146: 5 | D146: Doyen Especulo Vaginal, 75x45mm | E146: 3 | F146: FX.17.022 | G146: 81897719002 | H146: 63.35028 | I146: =H146*E146 -> 190.05084 | J146: =O146 -> 63.35028 | K146: =J146*E146 -> 190.05084 | L146: 0 | N146: =H146*L146 -> 0 | O146: =H146-N146 -> 63.35028
A147: 7. 2-Afastador Doyen,com lâmina de 85mmx45mm; | B147: FX.17.008 | C147: 6 | D147: Doyen Especulo Vaginal, 45x85mm | E147: 2 | F147: FX.17.008 | G147: 81897719002 | H147: 57.03264 | I147: =H147*E147 -> 114.06528 | J147: =O147 -> 57.03264 | K147: =J147*E147 -> 114.06528 | L147: 0 | N147: =H147*L147 -> 0 | O147: =H147-N147 -> 57.03264
A148: 8. 3-Alfinetes de Segurança Mayo, para esterilização, reto, com 14cm de comprimento; | B148: FX.17.766 | C148: 7 | D148: Mayo Clip de segurança, 14cm | E148: 3 | F148: FX.17.766 | G148: 81897719002 | H148: 8.3628 | I148: =H148*E148 -> 25.0884 | J148: =O148 -> 8.3628 | K148: =J148*E148 -> 25.0884 | L148: 0 | N148: =H148*L148 -> 0 | O148: =H148-N148 -> 8.3628
A149: 9. 1-Cabo de Bisturi nº 4, com 13 cm de comprimento; | B149: FX.09.156 | C149: 8 | D149: Cabo de bisturi nº 4, standard, 12cm | E149: 1 | F149: FX.09.156 | G149: 81897719002 | H149: 7.94052 | I149: =H149*E149 -> 7.94052 | J149: =O149 -> 7.94052 | K149: =J149*E149 -> 7.94052 | L149: 0 | N149: =H149*L149 -> 0 | O149: =H149-N149 -> 7.94052
A150: 10. 1-Cabo de Bisturi nº 3, com 12 cm de comprimento; | B150: FX.09.154 | C150: 9 | D150: Cabo de bisturi nº 3, graduado em centímetros, 12cm | E150: 1 | F150: FX.09.154 | G150: 81897719002 | H150: 11.8818 | I150: =H150*E150 -> 11.8818 | J150: =O150 -> 11.8818 | K150: =J150*E150 -> 11.8818 | L150: 0 | N150: =H150*L150 -> 0 | O150: =H150-N150 -> 11.8818
A151: 11. 1-Clamp Satinsky Debakey, com 20 cm de comprimento; | B151: FX.14.058 | C151: 10 | D151: Satinsky Clamp para Oclusão Tangencial, 20.5cm | E151: 1 | F151: FX.14.058 | G151: 81897719002 | H151: 178.227 | I151: =H151*E151 -> 178.227 | J151: =O151 -> 178.227 | K151: =J151*E151 -> 178.227 | L151: 0 | N151: =H151*L151 -> 0 | O151: =H151-N151 -> 178.227
A152: 12. 1-Cuba redonda, com 5,5 cm de altura (+/-0,5cm); | B152: UPL-082 | C152: 11 | D152: Cuba redonda, com 5,5 cm | E152: 1 | F152: FX.41.318 | G152: Isento | H152: 6.06924 | I152: =H152*E152 -> 6.06924 | J152: =O152 -> 6.06924 | K152: =J152*E152 -> 6.06924 | L152: 0 | N152: =H152*L152 -> 0 | O152: =H152-N152 -> 6.06924
A153: 13. 1-Cuba de rim, de inox; | B153: UPL-051 | C153: 12 | D153: Badeja Rim, 162*77*31mm | E153: 1 | F153: FX.41.303 | G153: Isento | H153: 9.83664 | I153: =H153*E153 -> 9.83664 | J153: =O153 -> 9.83664 | K153: =J153*E153 -> 9.83664 | L153: 0 | N153: =H153*L153 -> 0 | O153: =H153-N153 -> 9.83664
A154: 14. 1-Espátula Maleável, lâmina de 50 mm e com 33 cm de comprimento; | B154: FX.11.138 | C154: 13 | D154: Espátula Maleáve, 50x330mm | E154: 1 | F154: FX.11.138 | G154: 81897719002 | H154: 25.32852 | I154: =H154*E154 -> 25.32852 | J154: =O154 -> 25.32852 | K154: =J154*E154 -> 25.32852 | L154: 0 | N154: =H154*L154 -> 0 | O154: =H154-N154 -> 25.32852
A155: 15. 2-Pinça de Dissecção Anatômica, serrilhada, com 20 cm de comprimento; | B155: FX.09.952 | C155: 14 | D155: Pinça Anatômica Standard, pontas retas, largas e serrilhadas, 20cm | E155: 2 | F155: FX.09.952 | G155: 81897719002 | H155: 14.25816 | I155: =H155*E155 -> 28.51632 | J155: =O155 -> 14.25816 | K155: =J155*E155 -> 28.51632 | L155: 0 | N155: =H155*L155 -> 0 | O155: =H155-N155 -> 14.25816
A156: 16. 1-Pinça Adson, 1x2 dentes, reta, com 18 cm de comprimento; | B156: FX.10.080 | C156: 15 | D156: Pinça Anatômica Adson, pontas retas com 1x2 dentes, finas e serrilhadas, 18cm | E156: 1 | F156: FX.10.080 | G156: 81897719002 | H156: 19.01088 | I156: =H156*E156 -> 19.01088 | J156: =O156 -> 19.01088 | K156: =J156*E156 -> 19.01088 | L156: 0 | N156: =H156*L156 -> 0 | O156: =H156-N156 -> 19.01088
A157: 17. 1-Pinça Duval, atraumática, com 18 cm de comprimento; | B157: FX.16.329 | C157: 16 | D157: Pinça Duval, pontas retas com triangulos pequenos, fenestrados e serrilhados, 18cm | E157: 1 | F157: FX.16.329 | G157: 81897719002 | H157: 55.45944 | I157: =H157*E157 -> 55.45944 | J157: =O157 -> 55.45944 | K157: =J157*E157 -> 55.45944 | L157: 0 | N157: =H157*L157 -> 0 | O157: =H157-N157 -> 55.45944
A158: 18. 2-Pinça de Apreensão Babcok, com 20 cm de comprimento; | B158: FX.16.321 | C158: 17 | D158: Babcock Pinça para Tecido, serrilhada, 20cm | E158: 2 | F158: FX.16.321 | G158: 81897719002 | H158: 34.83396 | I158: =H158*E158 -> 69.66792 | J158: =O158 -> 34.83396 | K158: =J158*E158 -> 69.66792 | L158: 0 | N158: =H158*L158 -> 0 | O158: =H158-N158 -> 34.83396
A159: 19. 2-Pinça de Apreensão Babcok, com 24 cm de comprimento; | B159: FX.16.322 | C159: 18 | D159: Babcock Pinça para Tecido, serrilhada, 24cm | E159: 2 | F159: FX.16.322 | G159: 81897719002 | H159: 47.5272 | I159: =H159*E159 -> 95.0544 | J159: =O159 -> 47.5272 | K159: =J159*E159 -> 95.0544 | L159: 0 | N159: =H159*L159 -> 0 | O159: =H159-N159 -> 47.5272
A160: 20. 6-Pinça Backhaus, com 13 cm de comprimento; | B160: FX.18.425 | C160: 19 | D160: Backhaus Clamp Toalha, 13cm | E160: 6 | F160: FX.18.425 | G160: 81897719002 | H160: 19.01088 | I160: =H160*E160 -> 114.06528 | J160: =O160 -> 19.01088 | K160: =J160*E160 -> 114.06528 | L160: 0 | N160: =H160*L160 -> 0 | O160: =H160-N160 -> 19.01088
A161: 21. 1-Pinça Cheron, com 25 cm de comprimento; | B161: FX.10.688 | C161: 20 | D161: Pinça Cheron, pontas retas e serrilhadas, formato baioneta, 25cm | E161: 1 | F161: FX.10.688 | G161: 81897719002 | H161: 44.3394 | I161: =H161*E161 -> 44.3394 | J161: =O161 -> 44.3394 | K161: =J161*E161 -> 44.3394 | L161: 0 | N161: =H161*L161 -> 0 | O161: =H161-N161 -> 44.3394
A162: 22. 2-Pinça Collin, com 16,5 cm de comprimento; | B162: FX.18.541 | C162: 21 | D162: Collin Pinça segura lingua, 16cm | E162: 2 | F162: FX.18.541 | G162: 81897719002 | H162: 39.58668 | I162: =H162*E162 -> 79.17336 | J162: =O162 -> 39.58668 | K162: =J162*E162 -> 79.17336 | L162: 0 | N162: =H162*L162 -> 0 | O162: =H162-N162 -> 39.58668
A163: 23. 2-Pinça Crawford, curva, com 18 cm de comprimento; | B163: FX.10.494 | C163: 22 | D163: Pinça Crafoord, pontas curvas e serrilhadas, 18cm | E163: 2 | F163: FX.10.494 | G163: 81897719002 | H163: 38.02176 | I163: =H163*E163 -> 76.04352 | J163: =O163 -> 38.02176 | K163: =J163*E163 -> 76.04352 | L163: 0 | N163: =H163*L163 -> 0 | O163: =H163-N163 -> 38.02176
A164: 24. 6-Pinça Allis, 5x6 dentes, com 15 cm de comprimento; | B164: FX.16.289 | C164: 23 | D164: Pinça Allis, pontas retas com 5 x 6 dentes, 15cm | E164: 6 | F164: FX.16.289 | G164: 81897719002 | H164: 23.7636 | I164: =H164*E164 -> 142.5816 | J164: =O164 -> 23.7636 | K164: =J164*E164 -> 142.5816 | L164: 0 | N164: =H164*L164 -> 0 | O164: =H164-N164 -> 23.7636
A165: 25. 2-Pinça Allis, 5x6 dentes, com 19 cm de comprimento; | B165: FX.16.290 | C165: 24 | D165: Pinça Allis, pontas retas com 5 x 6 dentes, 19cm | E165: 2 | F165: FX.16.290 | G165: 81897719002 | H165: 31.70412 | I165: =H165*E165 -> 63.40824 | J165: =O165 -> 31.70412 | K165: =J165*E165 -> 63.40824 | L165: 0 | N165: =H165*L165 -> 0 | O165: =H165-N165 -> 31.70412
... A190: 50. 1-Tesoura de Dissecção Metzembaum, Romba-romba, curva, com 18cm de | B190: FX.09.480 | C190: 49 | D190: Tesoura Metzenbaum, lâminas curvas, finas com pontas rombas, 18cm | E190: 1 | F190: FX.09.480 | G190: 81897719002 | H190: 22.76172 | I190: =H190*E190 -> 22.76172 | J190: =O190 -> 22.76172 | K190: =J190*E190 -> 22.76172 | L190: 0 | N190: =H190*L190 -> 0 | O190: =H190-N190 -> 22.76172
A191: 51. 1-Cesto de Container; | B191: FX.61.216 | C191: 50 | D191: Cesto aramado compatível com box tamanho 3/4, com pés, dimensões 405x252x80 mm | E191: 1 | F191: FX.61.216 | G191: Isento | H191: 452.16252 | I191: =H191*E191 -> 452.16252 | J191: =O191 -> 452.16252 | K191: =J191*E191 -> 452.16252 | L191: 0 | N191: =H191*L191 -> 0 | O191: =H191-N191 -> 452.16252
A192: 52. 1-Container sólido, com tampa de barreira, para armazenamento de todo conjunto | B192: FX.60.831 | C192: 51 | D192: Box de container tamanho 3/4, em alumínio anodizado, dimensões internas 430x260x115 mm | E192: 1 | F192: FX.60.831 | G192: Isento | H192: 640.15992 | I192: =H192*E192 -> 640.15992 | J192: =O192 -> 640.15992 | K192: =J192*E192 -> 640.15992 | L192: 0 | N192: =H192*L192 -> 0 | O192: =H192-N192 -> 640.15992
B193: FX.60.788 | C193: 52 | D193: Tampa para container tamanho 3/4, com sistema de barreira permanente, silicone em toda extensão para perfeita vedação, cor dourada | E193: 1 | F193: FX.60.788 | G193: Isento | H193: 695.07288 | I193: =H193*E193 -> 695.07288 | J193: =O193 -> 695.07288 | K193: =J193*E193 -> 695.07288 | L193: 0 | N193: =H193*L193 -> 0 | O193: =H193-N193 -> 695.07288
...
