Workbook

Sheet PROPOSTAS RESUMO
B1: Anexo III - PROPOSTA DE PREÇOS (MODELO DE DESCRITIVO)
B3: DADOS DO FORNECEDOR
B5: Fornecedor:
B6: CNPJ/CPF: | F6: Inscrição Estadual:
B7: Endereço:
B8: Bairro:
B9: CEP: | E9: Cidade: | F9: Estado:
B10: Telefone: | E10: e-mail:
B11: Banco: | E11: Agência: Conta corrente:
B14: Constitui objeto desta licitação: Contratação de Serviço de Locação de Caixas de Instrumental Cirúrgico, para atender o Hospital Universitário do Oeste do Paraná
N16: PESQUISA AGEIS
K17: Valor Edital
B18: 1 | C18: Serviço de Locação de Instrumentais para Cirurgia Cardíaca | H18: =SUM(H20:H22) -> 70378.139 | K18: 80784.49 | L18: =K18-H18 -> 10406.351 | M18: =L18/K18 -> 0.1288162 | O18: 82068.99
B19: SUBITEM | C19: Caixa de Instrumental | D19: QTD | E19: Valor Unit Bruto | F19: Valor Total Bruto | G19: Valor Unit sem ICMS | H19: Valor Total sem ICMS | I19: Aliquota % ICMS
B20: 1.1 | C20: CAIXA CIRURGIA CORONÁRIA | D20: 3 | E20: ='PROPOSTAS LISTA '!H53 -> 9194.8112 | F20: =E20*D20 -> 27584.434 | G20: ='PROPOSTAS LISTA '!J53 -> 9194.8112 | H20: =G20*D20 -> 27584.434 | I20: 0 | N20: 11187.74 | O20: 33563.21
B21: 1.2 | C21: CAIXA CIRURGIA DE VÁLVULA CARDÍACA | D21: 3 | E21: ='PROPOSTAS LISTA '!H110 -> 12816.322 | F21: =E21*D21 -> 38448.965 | G21: ='PROPOSTAS LISTA '!J110 -> 12816.322 | H21: =G21*D21 -> 38448.965 | I21: 0 | N21: 14128.6 | O21: 42385.81
B22: 1.3 | C22: CAIXA CIRURGIA CARDIOVASCULAR DELICADA | D22: 3 | E22: ='PROPOSTAS LISTA '!H129 -> 1448.2468 | F22: =E22*D22 -> 4344.7404 | G22: ='PROPOSTAS LISTA '!J129 -> 1448.2468 | H22: =G22*D22 -> 4344.7404 | I22: 0 | N22: 2039.99 | O22: 6119.97
B24: 2 | C24: Serviço de Locação de Instrumentais para Cirurgia de Laparotomia | H24: =SUM(H26:H27) -> 37892.478 | K24: 38653.83 | L24: =K24-H24 -> 761.35157 | M24: =L24/K24 -> 0.019696666 | O24: 37619.34
B25: SUBITEM | C25: Caixa de Instrumental | D25: QTD | E25: Valor Unit Bruto | F25: Valor Total Bruto | G25: Valor Unit sem ICMS | H25: Valor Total sem ICMS | I25: Aliquota % ICMS
B26: 2.1 | C26: CAIXA LAPAROTOMIA ADULTO | D26: 4 | E26: ='PROPOSTAS LISTA '!H186 -> 4644.007 | F26: =E26*D26 -> 18576.028 | G26: ='PROPOSTAS LISTA '!J186 -> 4644.007 | H26: =G26*D26 -> 18576.028 | I26: 0 | N26: 5484.52 | O26: 21938.09
B27: 2.2 | C27: CAIXA LAPAROTOMIA INFANTIL | D27: 4 | E27: ='PROPOSTAS LISTA '!H240 -> 4829.1126 | F27: =E27*D27 -> 19316.45 | G27: ='PROPOSTAS LISTA '!J240 -> 4829.1126 | H27: =G27*D27 -> 19316.45 | I27: 0 | N27: 3920.31 | O27: 15681.26
B29: 3 | C29: Serviço de Locação de Instrumentais para Cirurgia Geral | H29: =SUM(H31:H32) -> 13500.072 | K29: 11842.24 | L29: =K29-H29 -> -1657.8324 | M29: =L29/K29 -> -0.13999315 | O29: 11686.72
B30: SUBITEM | C30: Caixa de Instrumental | D30: QTD | E30: Valor Unit Bruto | F30: Valor Total Bruto | G30: Valor Unit sem ICMS | H30: Valor Total sem ICMS | I30: Aliquota % ICMS | N30: 2478.99 | O30: 7436.97
B31: 3.1 | C31: CAIXA CIRURGIA GERAL MEDIO PORTE | D31: 3 | E31: ='PROPOSTAS LISTA '!H281 -> 2857.9038 | F31: =E31*D31 -> 8573.7115 | G31: ='PROPOSTAS LISTA '!J281 -> 2857.9038 | H31: =G31*D31 -> 8573.7115 | I31: 0 | N31: 2124.88 | O31: 4249.75
B32: 3.2 | C32: CAIXA CIRURGIA GERAL PEQUENO PORTE | D32: 2 | E32: ='PROPOSTAS LISTA '!H315 -> 2463.1805 | F32: =E32*D32 -> 4926.3609 | G32: ='PROPOSTAS LISTA '!J315 -> 2463.1805 | H32: =G32*D32 -> 4926.3609 | I32: 0
B34: 4 | C34: Serviço de Locação de Instrumentais para Cirurgia de Otorrinolaringologia | H34: =SUM(H36:H37) -> 12003.822 | K34: 12066.44 | L34: =K34-H34 -> 62.61768 | M34: =L34/K34 -> 0.005189408 | O34: 12066.44
B35: SUBITEM | C35: Caixa de Instrumental | D35: QTD | E35: Valor Unit Bruto | F35: Valor Total Bruto | G35: Valor Unit sem ICMS | H35: Valor Total sem ICMS | I35: Aliquota % ICMS
B36: 4.1 | C36: CAIXA RINOPLASTIA | D36: 1 | E36: ='PROPOSTAS LISTA '!H340 -> 7749.3143 | F36: =E36*D36 -> 7749.3143 | G36: ='PROPOSTAS LISTA '!J340 -> 7749.3143 | H36: =G36*D36 -> 7749.3143 | I36: 0 | N36: 1734.89 | O36: 1734.89
B37: 4.2 | C37: CAIXA OTORRINO PARA PS | D37: 1 | E37: ='PROPOSTAS LISTA '!H368 -> 4254.508 | F37: =E37*D37 -> 4254.508 | G37: ='PROPOSTAS LISTA '!J368 -> 4254.508 | H37: =G37*D37 -> 4254.508 | I37: 0 | N37: 3850.78 | O37: 3850.78
B39: 5 | C39: Serviço de Locação de Instrumetais para Cirurgia Neurológicas | H39: =SUM(H41:H43) -> 67651.95 | K39: 67698.94 | L39: =K39-H39 -> 46.9896 | M39: =L39/K39 -> 0.00069409654 | O39: 65418.83
B40: SUBITEM | C40: Caixa de Instrumental | D40: QTD | E40: Valor Unit Bruto | F40: Valor Total Bruto | G40: Valor Unit sem ICMS | H40: Valor Total sem ICMS | I40: Aliquota % ICMS | N40: 12596.89 | O40: 25193.77
B41: 5.1 | C41: CAIXA DE LAMINECTOMIA | D41: 2 | E41: ='PROPOSTAS LISTA '!H439 -> 13780.246 | F41: =E41*D41 -> 27560.493 | G41: ='PROPOSTAS LISTA '!J439 -> 13780.246 | H41: =G41*D41 -> 27560.493 | I41: 0 | N41: 14194.66 | O41: 28389.32
B42: 5.2 | C42: CAIXA CIRURGIA CRANIOTOMIA | D42: 2 | E42: ='PROPOSTAS LISTA '!H533 -> 16874.234 | F42: =E42*D42 -> 33748.467 | G42: ='PROPOSTAS LISTA '!J533 -> 16874.234 | H42: =G42*D42 -> 33748.467 | I42: 0 | N42: 5917.87 | O42: 11835.74
B43: 5.3 | C43: CAIXA BASICA NEUROCIRURGIA | D43: 1 | E43: ='PROPOSTAS LISTA '!H590 -> 6342.9901 | F43: =E43*D43 -> 6342.9901 | G43: ='PROPOSTAS LISTA '!J590 -> 6342.9901 | H43: =G43*D43 -> 6342.9901 | I43: 0
B45: 6 | C45: Serviço de Locação de Instrumentais para Cirurgias Gastroenterológica | H45: =SUM(H47:H48) -> 21901.035 | K45: 19959.99 | L45: =K45-H45 -> -1941.045 | M45: =L45/K45 -> -0.097246793 | O45: 19199.97
B46: SUBITEM | C46: Caixa de Instrumental | D46: QTD | E46: Valor Unit Bruto | F46: Valor Total Bruto | G46: Valor Unit sem ICMS | H46: Valor Total sem ICMS | I46: Aliquota % ICMS
B47: 6.1 | C47: CAIXA DE COLECISTECTOMIA | D47: 3 | E47: ='PROPOSTAS LISTA '!H643 -> 4693.2319 | F47: =E47*D47 -> 14079.696 | G47: ='PROPOSTAS LISTA '!J643 -> 4693.2319 | H47: =G47*D47 -> 14079.696 | I47: 0 | N47: 4231.32 | O47: 12693.95
B48: 6.2 | C48: CAIXA APENDICECTOMIA E CISTOSTOMIA | D48: 3 | E48: ='PROPOSTAS LISTA '!H676 -> 2607.1131 | F48: =E48*D48 -> 7821.3394 | G48: ='PROPOSTAS LISTA '!J676 -> 2607.1131 | H48: =G48*D48 -> 7821.3394 | I48: 0 | N48: 2168.68 | O48: 6506.03
B50: 7 | C50: Serviço de Locação de Instrumentais para Cirurgias Torácica | H50: =SUM(H52:H53) -> 11930.908 | K50: 13301.7 | L50: =K50-H50 -> 1370.7921 | M50: =L50/K50 -> 0.1030539 | O50: 12916.11
B51: SUBITEM | C51: Caixa de Instrumental | D51: QTD | E51: Valor Unit Bruto | F51: Valor Total Bruto | G51: Valor Unit sem ICMS | H51: Valor Total sem ICMS | I51: Aliquota % ICMS
B52: 7.1 | C52: CAIXA CIRURGIA TORACOTOMIA | D52: 2 | E52: ='PROPOSTAS LISTA '!H722 -> 7877.9522 | F52: =E52*D52 -> 15755.904 | G52: ='PROPOSTAS LISTA '!J722 -> 7877.9522 | H52: ='[1]PROPOSTAS LISTA 2'!K779 -> 6475.5913 | I52: 0 | N52: 4480.94 | O52: 8961.88
B53: 7.2 | C53: CAIXA TORACOTOMIA INFANTIL | D53: 1 | E53: ='PROPOSTAS LISTA '!H770 -> 5455.3166 | F53: =E53*D53 -> 5455.3166 | G53: ='PROPOSTAS LISTA '!J770 -> 5455.3166 | H53: =G53*D53 -> 5455.3166 | I53: 0 | N53: 3954.23 | O53: 3954.23
B55: 8 | C55: Serviço de Locação de Instrumentais para Cirurgia Ginecológica e Obstetrícia | H55: =SUM(H57:H59) -> 57945.284 | K55: 51427.08 | L55: =K55-H55 -> -6518.2036 | M55: =L55/K55 -> -0.12674652 | O55: 51241.25
B56: SUBITEM | C56: Caixa de Instrumental | D56: QTD | E56: Valor Unit Bruto | F56: Valor Total Bruto | G56: Valor Unit sem ICMS | H56: Valor Total sem ICMS | I56: Aliquota % ICMS
B57: 8.1 | C57: CAIXA CURETAGEM UTERINA | D57: 5 | E57: ='PROPOSTAS LISTA '!H806 -> 2498.6263 | F57: =E57*D57 -> 12493.132 | G57: ='PROPOSTAS LISTA '!J806 -> 2498.6263 | H57: =G57*D57 -> 12493.132 | I57: 0 | N57: 2281.98 | O57: 11409.91
B58: 8.2 | C58: CAIXA HISTERECTOMIA ABDOMINAL | D58: 5 | E58: ='PROPOSTAS LISTA '!H843 -> 3522.5794 | F58: =E58*D58 -> 17612.897 | G58: ='PROPOSTAS LISTA '!J843 -> 3522.5794 | H58: =G58*D58 -> 17612.897 | I58: 0 | N58: 3102.21 | O58: 15511.06
B59: 8.3 | C59: CAIXA PARTO CESÁREA | D59: 10 | E59: ='PROPOSTAS LISTA '!H872 -> 2783.9255 | F59: =E59*D59 -> 27839.255 | G59: ='PROPOSTAS LISTA '!J872 -> 2783.9255 | H59: =G59*D59 -> 27839.255 | I59: 0 | N59: 2432.03 | O59: 24320.28
B61: 9 | C61: Serviço de Locação de Instrumetais para Cirurgia Odontológicas | H61: =SUM(H63:H64) -> 11211.949 | K61: 10313.65 | L61: =K61-H61 -> -898.29944 | M61: =L61/K61 -> -0.087098112 | O61: 10636.95
B62: SUBITEM | C62: Caixa de Instrumental | D62: QTD | E62: Valor Unit Bruto | F62: Valor Total Bruto | G62: Valor Unit sem ICMS | H62: Valor Total sem ICMS | I62: Aliquota % ICMS
B63: 9.1 | C63: CAIXA CIRURGIA BUCOMAXILOFACIAL | D63: 1 | E63: ='PROPOSTAS LISTA '!H955 -> 8519.044 | F63: =E63*D63 -> 8519.044 | G63: ='PROPOSTAS LISTA '!J955 -> 8519.044 | H63: =G63*D63 -> 8519.044 | I63: 0 | N63: 8100.82 | O63: 8100.82
B64: 9.2 | C64: CAIXA CIRURGICA EXTRAÇÃO BUCO | D64: 1 | E64: ='PROPOSTAS LISTA '!H1001 -> 2692.9054 | F64: =E64*D64 -> 2692.9054 | G64: ='PROPOSTAS LISTA '!J1001 -> 2692.9054 | H64: =G64*D64 -> 2692.9054 | I64: 0 | N64: 2536.13 | O64: 2536.13
B66: 10 | C66: Serviço de Locação de Instrumetais para Cirurgias Coloproctologia | H66: =H68 -> 1747.3093 | K66: 2004.69 | L66: =K66-H66 -> 257.38072 | M66: =L66/K66 -> 0.12838929 | O66: 1739.09
B67: SUBITEM | C67: Caixa de Instrumental | D67: QTD | E67: Valor Unit Bruto | F67: Valor Total Bruto | G67: Valor Unit sem ICMS | H67: Valor Total sem ICMS | I67: Aliquota % ICMS
B68: 10.1 | C68: CAIXA DE HEMORROIDECTOMIA | D68: 1 | E68: ='PROPOSTAS LISTA '!H1026 -> 1747.3093 | F68: =E68*D68 -> 1747.3093 | G68: ='PROPOSTAS LISTA '!J1026 -> 1747.3093 | H68: =G68*D68 -> 1747.3093 | I68: 0 | N68: 1739.09 | O68: 1739.09
B70: 11 | C70: Serviço de Locação de Instrumetais para Cirurgia Bariátrica | H70: =H72 -> 9930.8194 | K70: 7417.65 | L70: =K70-H70 -> -2513.1694 | M70: =L70/K70 -> -0.33880937 | O70: 7602.97
B71: SUBITEM | C71: Caixa de Instrumental | D71: QTD | E71: Valor Unit Bruto | F71: Valor Total Bruto | G71: Valor Unit sem ICMS | H71: Valor Total sem ICMS | I71: Aliquota % ICMS
B72: 11.1 | C72: CAIXA CIRURGIA BARIATRICA | D72: 2 | E72: ='PROPOSTAS LISTA '!H1063 -> 4965.4097 | F72: =E72*D72 -> 9930.8194 | G72: ='PROPOSTAS LISTA '!J1063 -> 4965.4097 | H72: =G72*D72 -> 9930.8194 | I72: 0 | N72: 3801.48 | O72: 7602.97
B74: 12 | C74: Serviço de Locação de Instrumetais para Cirurgia de Cabeça e pescoço | H74: =H76 -> 8685.8295 | K74: 8551.37 | L74: =K74-H74 -> -134.45954 | M74: =L74/K74 -> -0.015723742 | O74: 7842.11
B75: SUBITEM | C75: Caixa de Instrumental | D75: QTD | E75: Valor Unit Bruto | F75: Valor Total Bruto | G75: Valor Unit sem ICMS | H75: Valor Total sem ICMS | I75: Aliquota % ICMS
B76: 12.1 | C76: CAIXA CIRURGIA CABEÇA E PESCOÇO | D76: 2 | E76: ='PROPOSTAS LISTA '!H1105 -> 4342.9148 | F76: =E76*D76 -> 8685.8295 | G76: ='PROPOSTAS LISTA '!J1105 -> 4342.9148 | H76: =G76*D76 -> 8685.8295 | I76: 0 | N76: 3921.06 | O76: 7842.11
B78: 13 | C78: Serviço de Locação de Instrumentais para Cirurgia Vascular | H78: =SUM(H80:H81) -> 19756.67 | K78: 19900.2 | L78: =K78-H78 -> 143.52992 | M78: =L78/K78 -> 0.0072124863 | O78: 18964.62
B79: SUBITEM | C79: Caixa de Instrumental | D79: QTD | E79: Valor Unit Bruto | F79: Valor Total Bruto | G79: Valor Unit sem ICMS | H79: Valor Total sem ICMS | I79: Aliquota % ICMS
B80: 13.1 | C80: CAIXA CIRURGIA VASCULAR | D80: 2 | E80: ='PROPOSTAS LISTA '!H1175 -> 7357.4741 | F80: =E80*D80 -> 14714.948 | G80: ='PROPOSTAS LISTA '!J1175 -> 7357.4741 | H80: =G80*D80 -> 14714.948 | I80: 0 | N80: 7405.02 | O80: 14810.05
B81: 13.2 | C81: CAIXA CIRURGIA FISTULA ARTERIOVENOSA | D81: 2 | E81: ='PROPOSTAS LISTA '!H1207 -> 2520.861 | F81: =E81*D81 -> 5041.7219 | G81: ='PROPOSTAS LISTA '!J1207 -> 2520.861 | H81: =G81*D81 -> 5041.7219 | I81: 0 | N81: 2077.29 | O81: 4154.58
B83: 14 | C83: Serviço de Locação de Instrumetais para Cirurgia Ortopédicas | H83: =SUM(H85:H88) -> 35402.92 | K83: 31237.82 | L83: =K83-H83 -> -4165.1001 | M83: =L83/K83 -> -0.13333517 | O83: 34031.46
B84: SUBITEM | C84: Caixa de Instrumental | D84: QTD | E84: Valor Unit Bruto | F84: Valor Total Bruto | G84: Valor Unit sem ICMS | H84: Valor Total sem ICMS | I84: Aliquota % ICMS
B85: 14.1 | C85: CAIXA CIRURGIA MÃO | D85: 2 | E85: ='PROPOSTAS LISTA '!H1297 -> 6795.0312 | F85: =E85*D85 -> 13590.062 | G85: ='PROPOSTAS LISTA '!J1297 -> 6795.0312 | H85: =G85*D85 -> 13590.062 | I85: 0 | N85: 5863.8 | O85: 11727.6
B86: 14.2 | C86: CAIXA MICROCIRURGIA MÃO | D86: 2 | E86: ='PROPOSTAS LISTA '!H1309 -> 2610.7678 | F86: =E86*D86 -> 5221.5355 | G86: ='PROPOSTAS LISTA '!J1309 -> 2610.7678 | H86: =G86*D86 -> 5221.5355 | I86: 0 | N86: 3207.16 | O86: 6414.32
B87: 14.3 | C87: CAIXA CIRURGIA PÉ | D87: 2 | E87: ='PROPOSTAS LISTA '!H1365 -> 3930.8637 | F87: =E87*D87 -> 7861.7274 | G87: ='PROPOSTAS LISTA '!J1365 -> 3930.8637 | H87: =G87*D87 -> 7861.7274 | I87: 0 | N87: 3944.21 | O87: 7888.42
B88: 14.4 | C88: CAIXA CIRURGIA OMBRO | D88: 2 | E88: ='PROPOSTAS LISTA '!H1416 -> 4364.7974 | F88: =E88*D88 -> 8729.5948 | G88: ='PROPOSTAS LISTA '!J1416 -> 4364.7974 | H88: =G88*D88 -> 8729.5948 | I88: 0 | N88: 4000.56 | O88: 8001.12
B90: 15 | C90: Serviço de Locação de Instrumetais para Cirurgia Plástica | H90: =SUM(H92:H94) -> 13486.947 | K90: 9448.47 | L90: =K90-H90 -> -4038.4766 | M90: =L90/K90 -> -0.42742122 | O90: 8961.43
B91: SUBITEM | C91: Caixa de Instrumental | D91: QTD | E91: Valor Unit Bruto | F91: Valor Total Bruto | G91: Valor Unit sem ICMS | H91: Valor Total sem ICMS | I91: Aliquota % ICMS
B92: 15.1 | C92: CAIXA LIPOASPIRAÇÃO | D92: 2 | E92: ='PROPOSTAS LISTA '!H1432 -> 2118.938 | F92: =E92*D92 -> 4237.876 | G92: ='PROPOSTAS LISTA '!J1432 -> 2118.938 | H92: =G92*D92 -> 4237.876 | I92: 0 | N92: Não cotamos
B93: 15.2 | C93: CAIXA MAMOPLASTIA/ABDOMINOPLASTIA | D93: 2 | E93: ='PROPOSTAS LISTA '!H1464 -> 1951.3711 | F93: =E93*D93 -> 3902.7422 | G93: ='PROPOSTAS LISTA '!J1464 -> 1951.3711 | H93: =G93*D93 -> 3902.7422 | I93: 0 | N93: 2073.48 | O93: 4146.96
B94: 15.3 | C94: CAIXA CIRURGIA PLASTICA | D94: 2 | E94: ='PROPOSTAS LISTA '!H1502 -> 2673.1642 | F94: =E94*D94 -> 5346.3283 | G94: ='PROPOSTAS LISTA '!J1502 -> 2673.1642 | H94: =G94*D94 -> 5346.3283 | I94: 0 | N94: 2407.23 | O94: 4814.47
B96: 16 | C96: Serviço Locação Instrumentais Avulsos | H96: =SUM(H98:H101) -> 14951.92 | K96: =H96 -> 14951.92 | L96: =K96-H96 -> 0 | M96: =L96/K96 -> 0 | O96: 17004.62
B97: SUBITEM | C97: Caixa de Instrumental | D97: QTD | E97: Valor Unit Bruto | F97: Valor Total Bruto | G97: Valor Unit sem ICMS | H97: Valor Total sem ICMS | I97: Aliquota % ICMS
B98: 16.1 | C98: AVULSOS: CIRURGIA NEUROLÓGICA | D98: 1 | E98: ='PROPOSTAS LISTA '!H1520 -> 2831.7399 | F98: =E98*D98 -> 2831.7399 | G98: ='PROPOSTAS LISTA '!J1520 -> 2831.7399 | H98: =G98*D98 -> 2831.7399 | I98: 0 | N98: 2573.05 | O98: 2573.05
B99: 16.2 | C99: AVULSOS: CIRURGIA ORTOPÉDICAS | D99: 1 | E99: ='PROPOSTAS LISTA '!H1526 -> 7969.1512 | F99: =E99*D99 -> 7969.1512 | G99: ='PROPOSTAS LISTA '!J1526 -> 7969.1512 | H99: =G99*D99 -> 7969.1512 | I99: 0 | N99: 9671.3 | O99: 9671.3
B100: 16.3 | C100: AVULSOS: CIRURGIA GINECOLÓGICA E OBSTETRÍCIA | D100: 1 | E100: ='PROPOSTAS LISTA '!H1533 -> 599.0776 | F100: =E100*D100 -> 599.0776 | G100: ='PROPOSTAS LISTA '!J1533 -> 599.0776 | H100: =G100*D100 -> 599.0776 | I100: 0 | N100: 504 | O100: 504
B101: 16.4 | C101: AVULSOS: CIRURGIA CARDÍACA | D101: 1 | E101: ='PROPOSTAS LISTA '!H1544 -> 3551.9509 | F101: =E101*D101 -> 3551.9509 | G101: ='PROPOSTAS LISTA '!J1544 -> 3551.9509 | H101: =G101*D101 -> 3551.9509 | I101: 0 | N101: 4256.27 | O101: 4256.27
C103: TOTAL GERAL | D103: =SUM(D20:D101) -> 87 | H103: =H96+H90+H83+H78+H74+H70+H66+H61+H55+H50+H45+H39+H34+H29+H24+H18 -> 408378.05 | K103: =SUM(K18:K102) -> 399560.48 | O103: =O18+O24+O29+O34+O39+O45+O50+O55+O61+O66+O70+O74+O78+O83+O90+#REF!+O96 -> #REF!

Sheet PROPOSTAS LISTA  
B2: SUBITEM 1.1 - Caixa para Cirurgia Coronária
A3: ITEM | B3: DESCRITIVO | C3: QTD | D3: CODIGO | E3: MARCA | F3: ANVISA | G3: Valor Unit Bruto | H3: Valor Total Bruto | I3: Valor Unit sem ICMS | J3: Valor Total sem ICMS | K3: Aliquota % ICMS
A4: 1 | B4: Acessório afastador mamária acoplado | C4: 2 | D4: QZ.015.00 | E4: Quinelato | F4: 10301950027 | G4: =M4 -> 623.99104 | H4: =G4*C4 -> 1247.9821 | I4: =G4 -> 623.99104 | J4: =I4*C4 -> 1247.9821 | K4: 0 | M4: 623.99104
A5: 2 | B5: Afastador Dinkhuysen mamária, tamanho adulto | C5: 1 | D5: QZ.013.01 | E5: Quinelato | F5: 10301950026 | G5: =M5 -> 270.32 | H5: =G5*C5 -> 270.32 | I5: =G5 -> 270.32 | J5: =I5*C5 -> 270.32 | K5: 0 | M5: =VLOOKUP(D5,'TABELA DE PRECOS'!B:C,2,0) -> 270.32
A6: 3 | B6: Finochietto Afastador de Costelas, 74x64mm, 245mm - inclui acessórios | C6: 2 | D6: FX.14.456 | E6: Fentex | F6: 81897719002 | G6: =M6 -> 473.3248 | H6: =G6*C6 -> 946.6496 | I6: =G6 -> 473.3248 | J6: =I6*C6 -> 946.6496 | K6: 0 | M6: =VLOOKUP(D6,'TABELA DE PRECOS'!B:C,2,0) -> 473.3248
A7: 4 | B7: Afastador Mollison, garras com 4 x 4 dentes , hastes comcurva acentuada, movimento por cremalheira, 15cm | C7: 2 | D7: FX.11.218 | E7: Fentex | F7: 81897719002 | G7: =M7 -> 121.71328 | H7: =G7*C7 -> 243.42656 | I7: =G7 -> 121.71328 | J7: =I7*C7 -> 243.42656 | K7: 0 | M7: =VLOOKUP(D7,'TABELA DE PRECOS'!B:C,2,0) -> 121.71328
A8: 5 | B8: Afastador Farabeuf, par com 2 válvulas duplas de lâmina plana, 15cm | C8: 2 | D8: FX.10.729 | E8: Fentex | F8: 81897719002 | G8: =M8 -> 17.19688 | H8: =G8*C8 -> 34.39376 | I8: =G8 -> 17.19688 | J8: =I8*C8 -> 34.39376 | K8: 0 | M8: =VLOOKUP(D8,'TABELA DE PRECOS'!B:C,2,0) -> 17.19688
A9: 6 | B9: Cabo de Bisturi, #3L, 20cm | C9: 2 | D9: FX.18.092 | E9: Fentex | F9: 81897719002 | G9: =M9 -> 12.17216 | H9: =G9*C9 -> 24.34432 | I9: =G9 -> 12.17216 | J9: =I9*C9 -> 24.34432 | K9: 0 | M9: =VLOOKUP(D9,'TABELA DE PRECOS'!B:C,2,0) -> 12.17216
A10: 7 | B10: Cabo de bisturi nº 4, standard, 12cm | C10: 2 | D10: FX.09.156 | E10: Fentex | F10: 81897719002 | G10: =M10 -> 8.25 | H10: =G10*C10 -> 16.5 | I10: =G10 -> 8.25 | J10: =I10*C10 -> 16.5 | K10: 0 | M10: =VLOOKUP(D10,'TABELA DE PRECOS'!B:C,2,0) -> 8.25
A11: 8 | B11: Cabo de Bisturi, #7, 16cm | C11: 2 | D11: FX.18.097 | E11: Fentex | F11: 81897719002 | G11: =M11 -> 8.112 | H11: =G11*C11 -> 16.224 | I11: =G11 -> 8.112 | J11: =I11*C11 -> 16.224 | K11: 0 | M11: =VLOOKUP(D11,'TABELA DE PRECOS'!B:C,2,0) -> 8.112
A12: 9 | B12: Cortador de fios de aço, lâminas anguladas com wídea TC e corte diagonal, 20cm | C12: 2 | D12: FX.12.420 | E12: Fentex | F12: 81897719003 | G12: =M12 -> 189.33824 | H12: =G12*C12 -> 378.67648 | I12: =G12 -> 189.33824 | J12: =I12*C12 -> 378.67648 | K12: 0 | M12: =VLOOKUP(D12,'TABELA DE PRECOS'!B:C,2,0) -> 189.33824
A13: 10 | B13: Diethrich Bulldog Clamp, serrilhado, angulada, mandibula de 12mm, 50mm | C13: 4 | D13: FX.10.247 | E13: Fentex | F13: 81897719002 | G13: =M13 -> 68.73808 | H13: =G13*C13 -> 274.95232 | I13: =G13 -> 68.73808 | J13: =I13*C13 -> 274.95232 | K13: 0 | M13: =VLOOKUP(D13,'TABELA DE PRECOS'!B:C,2,0) -> 68.73808
A14: 11 | B14: Simon Colher Uterina, afiada, rigida, 8.5mm, 20cm | C14: 2 | D14: FX.41.867 | E14: Fentex | F14: 81897719006 | G14: =M14 -> 29.73568 | H14: =G14*C14 -> 59.47136 | I14: =G14 -> 29.73568 | J14: =I14*C14 -> 59.47136 | K14: 0 | M14: =VLOOKUP(D14,'TABELA DE PRECOS'!B:C,2,0) -> 29.73568
A15: 12 | B15: Estilete para passar fios, ponta em gancho, calibre de 1.5mm, 26cm | C15: 2 | D15: FX.14.236 | E15: Fentex | F15: 81897719002 | G15: =M15 -> 18.94464 | H15: =G15*C15 -> 37.88928 | I15: =G15 -> 18.94464 | J15: =I15*C15 -> 37.88928 | K15: 0 | M15: =VLOOKUP(D15,'TABELA DE PRECOS'!B:C,2,0) -> 18.94464
A16: 13 | B16: Pinça Moynihan, pontas curvas e serrilhadas, 22cm | C16: 2 | D16: FX.41.925 | E16: Fentex | F16: 81897719006 | G16: =M16 -> 33.79584 | H16: =G16*C16 -> 67.59168 | I16: =G16 -> 33.79584 | J16: =I16*C16 -> 67.59168 | K16: 0 | M16: =VLOOKUP(D16,'TABELA DE PRECOS'!B:C,2,0) -> 33.79584
... A28: 25 | B28: DeBakey Pean Pinça Atraumatica Arterial, reta, 18cm | C28: 2 | D28: FX.14.000 | E28: Fentex | F28: 81897719002 | G28: =M28 -> 70.99456 | H28: =G28*C28 -> 141.98912 | I28: =G28 -> 70.99456 | J28: =I28*C28 -> 141.98912 | K28: 0 | M28: =VLOOKUP(D28,'TABELA DE PRECOS'!B:C,2,0) -> 70.99456
A29: 26 | B29: Pinça Clamp Vascular, 23cm | C29: 2 | D29: FX.14.037 | E29: Fentex | F29: 81897719002 | G29: 152.13952 | H29: 304.27904 | I29: 152.13952 | J29: 304.27904 | K29: 0 | M29: 152.13952
A30: 27 | B30: Pinça Debakey Rumel, curvo, 26cm | C30: 2 | D30: QZ.420.01 | E30: Quinelato | F30: 10301950027 | G30: =M30 -> 33.79584 | H30: =G30*C30 -> 67.59168 | I30: =G30 -> 33.79584 | J30: =I30*C30 -> 67.59168 | K30: 0 | M30: =VLOOKUP(D30,'TABELA DE PRECOS'!B:C,2,0) -> 33.79584
A31: 28 | B31: Clamp universal Cooley, parte funcional angulada em 15º com serrilha atraumática de 50mm, 17cm | C31: 2 | D31: FX.14.126 | E31: Fentex | F31: 81897719002 | G31: =M31 -> 169.05408 | H31: =G31*C31 -> 338.10816 | I31: =G31 -> 169.05408 | J31: =I31*C31 -> 338.10816 | K31: 0 | M31: =VLOOKUP(D31,'TABELA DE PRECOS'!B:C,2,0) -> 169.05408
A32: 29 | B32: Pinça Allis, pontas retas com 5 x 6 dentes, 25cm | C32: 4 | D32: FX.16.292 | E32: Fentex | F32: 81897719002 | G32: =M32 -> 29.99 | H32: =G32*C32 -> 119.96 | I32: =G32 -> 29.99 | J32: =I32*C32 -> 119.96 | K32: 0 | M32: =VLOOKUP(D32,'TABELA DE PRECOS'!B:C,2,0) -> 29.99
A33: 30 | B33: Pinça Cheron, pontas retas e serrilhadas, formato baioneta, 25cm | C33: 1 | D33: FX.10.688 | E33: Fentex | F33: 81897719002 | G33: =M33 -> 40.79 | H33: =G33*C33 -> 40.79 | I33: =G33 -> 40.79 | J33: =I33*C33 -> 40.79 | K33: 0 | M33: =VLOOKUP(D33,'TABELA DE PRECOS'!B:C,2,0) -> 40.79
A34: 31 | B34: Backhaus Clamp Toalha, 13cm | C34: 15 | D34: FX.18.425 | E34: Fentex | F34: 81897719002 | G34: =M34 -> 17.28 | H34: =G34*C34 -> 259.2 | I34: =G34 -> 17.28 | J34: =I34*C34 -> 259.2 | K34: 0 | M34: =VLOOKUP(D34,'TABELA DE PRECOS'!B:C,2,0) -> 17.28
A35: 32 | B35: Pinça Halsted-Mosquito, pontas curva, finas e serrilhadas, 12.5cm | C35: 15 | D35: FX.10.259 | E35: Fentex | F35: 81897719002 | G35: =M35 -> 15.95 | H35: =G35*C35 -> 239.25 | I35: =G35 -> 15.95 | J35: =I35*C35 -> 239.25 | K35: 0 | M35: =VLOOKUP(D35,'TABELA DE PRECOS'!B:C,2,0) -> 15.95
A36: 33 | B36: Pinça Kelly, pontas retas, finas e serrilhadas, 14cm | C36: 10 | D36: FX.10.281 | E36: Fentex | F36: 81897719002 | G36: =M36 -> 16.71 | H36: =G36*C36 -> 167.1 | I36: =G36 -> 16.71 | J36: =I36*C36 -> 167.1 | K36: 0 | M36: =VLOOKUP(D36,'TABELA DE PRECOS'!B:C,2,0) -> 16.71
A37: 34 | B37: Pinça Reynald para tubos, pontas retas e lisas, 20cm | C37: 1 | D37: FX.10.608 | E37: Fentex | F37: 81897719002 | G37: =M37 -> 25.68384 | H37: =G37*C37 -> 25.68384 | I37: =G37 -> 25.68384 | J37: =I37*C37 -> 25.68384 | K37: 0 | M37: =VLOOKUP(D37,'TABELA DE PRECOS'!B:C,2,0) -> 25.68384
A38: 35 | B38: Pinça Baby-Mixter, pontas curvas, muito finas e serrilhadas, 18cm | C38: 2 | D38: FX.10.432 | E38: Fentex | F38: 81897719002 | G38: =M38 -> 24.34432 | H38: =G38*C38 -> 48.68864 | I38: =G38 -> 24.34432 | J38: =I38*C38 -> 48.68864 | K38: 0 | M38: =VLOOKUP(D38,'TABELA DE PRECOS'!B:C,2,0) -> 24.34432
A39: 36 | B39: Pinça Anatômica Standard, pontas retas, largas e serrilhadas, 18cm | C39: 4 | D39: FX.09.951 | E39: Fentex | F39: 81897719002 | G39: =M39 -> 9.04 | H39: =G39*C39 -> 36.16 | I39: =G39 -> 9.04 | J39: =I39*C39 -> 36.16 | K39: 0 | M39: =VLOOKUP(D39,'TABELA DE PRECOS'!B:C,2,0) -> 9.04
A40: 37 | B40: Castroviejo Porta Agulha, reto, com trava, 17cm | C40: 1 | D40: FX.18.506 | E40: Fentex | F40: 81897719002 | G40: =M40 -> 94.64832 | H40: =G40*C40 -> 94.64832 | I40: =G40 -> 94.64832 | J40: =I40*C40 -> 94.64832 | K40: 0 | M40: =VLOOKUP(D40,'TABELA DE PRECOS'!B:C,2,0) -> 94.64832
A41: 38 | B41: Porta Agulha para Fio Mayo Hauberisser, 16cm, com videa - TC | C41: 2 | D41: FX.12.399 | E41: Fentex | F41: 81897719003 | G41: =M41 -> 94.64832 | H41: =G41*C41 -> 189.29664 | I41: =G41 -> 94.64832 | J41: =I41*C41 -> 189.29664 | K41: 0 | M41: =VLOOKUP(D41,'TABELA DE PRECOS'!B:C,2,0) -> 94.64832
... A51: 48 | B51: Tesoura Mayo, lâminas retas, largas com pontas rombas, 14.5cm | C51: 4 | D51: FX.09.375 | E51: Fentex | F51: 81897719002 | G51: =M51 -> 17.36384 | H51: =G51*C51 -> 69.45536 | I51: =G51 -> 17.36384 | J51: =I51*C51 -> 69.45536 | K51: 0 | M51: =VLOOKUP(D51,'TABELA DE PRECOS'!B:C,2,0) -> 17.36384
A52: 49 | B52: Caixa inox perfurada com trava 500x200x120 mm | C52: 1 | D52: FX.41.521 | E52: Fentex | F52: Isento | G52: =M52 -> 590.62848 | H52: =G52*C52 -> 590.62848 | I52: =G52 -> 590.62848 | J52: =I52*C52 -> 590.62848 | K52: 0 | M52: =VLOOKUP(D52,'TABELA DE PRECOS'!B:C,2,0) -> 590.62848
B53: Total | C53: =SUM(C4:C52) -> 135 | H53: =SUM(H4:H52) -> 9194.8112 | J53: =SUM(J4:J52) -> 9194.8112 | M53: =VLOOKUP(D53,'TABELA DE PRECOS'!B:C,2,0) -> #N/A
M54: =VLOOKUP(D54,'TABELA DE PRECOS'!B:C,2,0) -> #N/A
B55: Subitem 1.2 - Caixa para Cirurgia de Válvula Cardíaca | M55: =VLOOKUP(D55,'TABELA DE PRECOS'!B:C,2,0) -> #N/A
A56: ITEM | B56: DESCRITIVO | C56: QTD | D56: CODIGO | E56: MARCA | F56: ANVISA | G56: Valor Unit Bruto | H56: Valor Total Bruto | I56: Valor Unit sem ICMS | J56: Valor Total sem ICMS | K56: Aliquota % ICMS | M56: =VLOOKUP(D56,'TABELA DE PRECOS'!B:C,2,0) -> Valor Unit Bruto
A57: 1 | B57: Afastador Mollison, garras com 4 x 4 dentes, hastes comcurva acentuada, movimento por cremalheira, 15cm | C57: 2 | D57: FX.11.218 | E57: Fentex | F57: 81897719002 | G57: =M57 -> 121.71328 | H57: =G57*C57 -> 243.42656 | I57: =G57 -> 121.71328 | J57: =I57*C57 -> 243.42656 | K57: 0 | M57: =VLOOKUP(D57,'TABELA DE PRECOS'!B:C,2,0) -> 121.71328
A58: 2 | B58: Afastador Ventrículo, tamanho pequeno, 20cm | C58: 2 | D58: QZ.044.01 | E58: Quinelato | F58: 10301950027 | G58: =M58 -> 209.85536 | H58: =G58*C58 -> 419.71072 | I58: =G58 -> 209.85536 | J58: =I58*C58 -> 419.71072 | K58: 0 | M58: =VLOOKUP(D58,'TABELA DE PRECOS'!B:C,2,0) -> 209.85536
A59: 3 | B59: Afastador Ventrículo, tamanho médio, 20cm | C59: 2 | D59: QZ.044.02 | E59: Quinelato | F59: 10301950027 | G59: =M59 -> 209.85536 | H59: =G59*C59 -> 419.71072 | I59: =G59 -> 209.85536 | J59: =I59*C59 -> 419.71072 | K59: 0 | M59: =VLOOKUP(D59,'TABELA DE PRECOS'!B:C,2,0) -> 209.85536
A60: 4 | B60: Afastador Cooley, válvula aramada lisa, fenestrada, curva p/esquerda, com dimensões de 45mm x 48mm, 21.5cm | C60: 1 | D60: FX.11.109 | E60: Fentex | F60: 81897719002 | G60: =M60 -> 135.21664 | H60: =G60*C60 -> 135.21664 | I60: =G60 -> 135.21664 | J60: =I60*C60 -> 135.21664 | K60: 0 | M60: =VLOOKUP(D60,'TABELA DE PRECOS'!B:C,2,0) -> 135.21664
A61: 5 | B61: Afastador Cooley, válvula aramada lisa, fenestrada, curva p/ direita, com dimensões de 45mm x 48mm, 21.5cm | C61: 1 | D61: FX.11.107 | E61: Fentex | F61: 81897719002 | G61: =M61 -> 135.21664 | H61: =G61*C61 -> 135.21664 | I61: =G61 -> 135.21664 | J61: =I61*C61 -> 135.21664 | K61: 0 | M61: =VLOOKUP(D61,'TABELA DE PRECOS'!B:C,2,0) -> 135.21664
A62: 6 | B62: Afastador Ankeney grande c. 18 válvulas | C62: 2 | D62: QZ.010.04 | E62: Quinelato | F62: 10301950026 | G62: =M62 -> 879.02464 | H62: =G62*C62 -> 1758.0493 | I62: =G62 -> 879.02464 | J62: =I62*C62 -> 1758.0493 | K62: 0 | M62: =VLOOKUP(D62,'TABELA DE PRECOS'!B:C,2,0) -> 879.02464
A63: 7 | B63: Afastador Farabeuf, par com 2 válvulas duplas de lâmina plana, 15cm | C63: 2 | D63: FX.10.729 | E63: Fentex | F63: 81897719002 | G63: =M63 -> 17.19688 | H63: =G63*C63 -> 34.39376 | I63: =G63 -> 17.19688 | J63: =I63*C63 -> 34.39376 | K63: 0 | M63: =VLOOKUP(D63,'TABELA DE PRECOS'!B:C,2,0) -> 17.19688
A64: 8 | B64: Cabo de Bisturi, #3L, 20cm | C64: 2 | D64: FX.18.092 | E64: Fentex | F64: 81897719002 | G64: =M64 -> 12.17216 | H64: =G64*C64 -> 24.34432 | I64: =G64 -> 12.17216 | J64: =I64*C64 -> 24.34432 | K64: 0 | M64: =VLOOKUP(D64,'TABELA DE PRECOS'!B:C,2,0) -> 12.17216
A65: 9 | B65: Cabo de bisturi nº 4, standard, 12cm | C65: 2 | D65: FX.09.156 | E65: Fentex | F65: 81897719002 | G65: =M65 -> 8.25 | H65: =G65*C65 -> 16.5 | I65: =G65 -> 8.25 | J65: =I65*C65 -> 16.5 | K65: 0 | M65: =VLOOKUP(D65,'TABELA DE PRECOS'!B:C,2,0) -> 8.25
A66: 10 | B66: Cabo de Bisturi, #7, 16cm | C66: 2 | D66: FX.18.097 | E66: Fentex | F66: 81897719002 | G66: =M66 -> 8.112 | H66: =G66*C66 -> 16.224 | I66: =G66 -> 8.112 | J66: =I66*C66 -> 16.224 | K66: 0 | M66: =VLOOKUP(D66,'TABELA DE PRECOS'!B:C,2,0) -> 8.112
A67: 11 | B67: Cânula para Cardioplegia, tipo Dinkhuysen ponta 90°, 20cm | C67: 1 | D67: FX.41.913 | E67: Fentex | F67: 81897710042 | G67: =M67 -> 281.73184 | H67: =G67*C67 -> 281.73184 | I67: =G67 -> 281.73184 | J67: =I67*C67 -> 281.73184 | K67: 0 | M67: =VLOOKUP(D67,'TABELA DE PRECOS'!B:C,2,0) -> 281.73184
A68: 12 | B68: Cânula para Cardioplegia, tipo Dinkhuysen ponta 30°, 20cm | C68: 1 | D68: FX.41.914 | E68: Fentex | F68: 81897710042 | G68: =M68 -> 281.73184 | H68: =G68*C68 -> 281.73184 | I68: =G68 -> 281.73184 | J68: =I68*C68 -> 281.73184 | K68: 0 | M68: =VLOOKUP(D68,'TABELA DE PRECOS'!B:C,2,0) -> 281.73184
... A74: 18 | B74: Mixter Gall Bladder Pinça, curva, 23cm | C74: 2 | D74: FX.10.462 | E74: Fentex | F74: 81897719002 | G74: =M74 -> 38.43 | H74: =G74*C74 -> 76.86 | I74: =G74 -> 38.43 | J74: =I74*C74 -> 76.86 | K74: 0 | M74: =VLOOKUP(D74,'TABELA DE PRECOS'!B:C,2,0) -> 38.43
A75: 19 | B75: Pinça Baby-Mixter, pontas finas e curvas, 14cm | C75: 2 | D75: FX.10.431 | E75: Fentex | F75: 81897719002 | G75: 17.2 | H75: =G75*C75 -> 34.4 | I75: =G75 -> 17.2 | J75: =I75*C75 -> 34.4 | K75: 0 | M75: =VLOOKUP(D75,'TABELA DE PRECOS'!B:C,2,0) -> 16.752624
A76: 20 | B76: Winter Pinça Placenta e Ovario, reta, 28cm, 9.5mm | C76: 1 | D76: FX.17.664 | E76: Fentex | F76: 81897719002 | G76: =M76 -> 35.74 | H76: =G76*C76 -> 35.74 | I76: =G76 -> 35.74 | J76: =I76*C76 -> 35.74 | K76: 0 | M76: =VLOOKUP(D76,'TABELA DE PRECOS'!B:C,2,0) -> 35.74
A77: 21 | B77: Pinça para Válvula Mitral, 34cm | C77: 1 | D77: QZ.217.34 | E77: Quinelato | F77: 10301950026 | G77: =M77 -> 151.12448 | H77: =G77*C77 -> 151.12448 | I77: =G77 -> 151.12448 | J77: =I77*C77 -> 151.12448 | K77: 0 | M77: =VLOOKUP(D77,'TABELA DE PRECOS'!B:C,2,0) -> 151.12448
A78: 22 | B78: DeBakey Aorta-Aneurysm-Clamp,curvo, 110mm, 30cm,dentes "DeBakey" | C78: 2 | D78: FX.14.111 | E78: Fentex | F78: 81897719002 | G78: =M78 -> 202.84992 | H78: =G78*C78 -> 405.69984 | I78: =G78 -> 202.84992 | J78: =I78*C78 -> 405.69984 | K78: 0 | M78: =VLOOKUP(D78,'TABELA DE PRECOS'!B:C,2,0) -> 202.84992
A79: 23 | B79: Pinça Debakey para Coarctção, angulada no cabo, 23cm | C79: 2 | D79: FX.14.114 | E79: Fentex | F79: 81897719002 | G79: =M79 -> 152.13952 | H79: =G79*C79 -> 304.27904 | I79: =G79 -> 152.13952 | J79: =I79*C79 -> 304.27904 | K79: 0 | M79: =VLOOKUP(D79,'TABELA DE PRECOS'!B:C,2,0) -> 152.13952
A80: 24 | B80: Clamp De Bakey, parte funcional angulada em 15º com serrilha atraumática de 45mm, 17cm | C80: 2 | D80: FX.13.994 | E80: Fentex | F80: 81897719002 | G80: =M80 -> 141.99744 | H80: =G80*C80 -> 283.99488 | I80: =G80 -> 141.99744 | J80: =I80*C80 -> 283.99488 | K80: 0 | M80: =VLOOKUP(D80,'TABELA DE PRECOS'!B:C,2,0) -> 141.99744
A81: 25 | B81: Pinça Debakey para Aorta, ponta angulada 60° , 32cm | C81: 2 | D81: QZ.321.32 | E81: Quinelato | F81: 10301950026 | G81: =M81 -> 195.6032 | H81: =G81*C81 -> 391.2064 | I81: =G81 -> 195.6032 | J81: =I81*C81 -> 391.2064 | K81: 0 | M81: =VLOOKUP(D81,'TABELA DE PRECOS'!B:C,2,0) -> 195.6032
A82: 26 | B82: DeBakey Pean Pinça Atraumatica Arterial, reta, 18cm | C82: 2 | D82: FX.14.000 | E82: Fentex | F82: 81897719002 | G82: =M82 -> 70.99456 | H82: =G82*C82 -> 141.98912 | I82: =G82 -> 70.99456 | J82: =I82*C82 -> 141.98912 | K82: 0 | M82: =VLOOKUP(D82,'TABELA DE PRECOS'!B:C,2,0) -> 70.99456
A83: 27 | B83: Pinça Clamp Vascular, 23cm | C83: 2 | D83: FX.14.037 | E83: Fentex | F83: 81897719002 | G83: =M83 -> 152.13952 | H83: =G83*C83 -> 304.27904 | I83: =G83 -> 152.13952 | J83: =I83*C83 -> 304.27904 | K83: 0 | M83: =VLOOKUP(D83,'TABELA DE PRECOS'!B:C,2,0) -> 152.13952
A84: 28 | B84: Pinça Debakey Rumel, curvo, 25cm | C84: 2 | D84: QZ.420.01 | E84: Quinelato | F84: 10301950027 | G84: =M84 -> 33.79584 | H84: =G84*C84 -> 67.59168 | I84: =G84 -> 33.79584 | J84: =I84*C84 -> 67.59168 | K84: 0 | M84: =VLOOKUP(D84,'TABELA DE PRECOS'!B:C,2,0) -> 33.79584
A85: 29 | B85: Clamp universal Cooley, parte funcional angulada em 15º com serrilha atraumática de 50mm, 17cm | C85: 2 | D85: FX.14.126 | E85: Fentex | F85: 81897719002 | G85: =M85 -> 169.05408 | H85: =G85*C85 -> 338.10816 | I85: =G85 -> 169.05408 | J85: =I85*C85 -> 338.10816 | K85: 0 | M85: =VLOOKUP(D85,'TABELA DE PRECOS'!B:C,2,0) -> 169.05408
A86: 30 | B86: Pinça Saca Cálcia, reta, 20cm | C86: 1 | D86: QZ.900.01 | E86: Quinelato | F86: 10301950025 | G86: =M86 -> 853.83168 | H86: =G86*C86 -> 853.83168 | I86: =G86 -> 853.83168 | J86: =I86*C86 -> 853.83168 | K86: 0 | M86: =VLOOKUP(D86,'TABELA DE PRECOS'!B:C,2,0) -> 853.83168
A87: 31 | B87: Pinça Saca Cálcia, para direita, 20cm | C87: 1 | D87: QZ.900.03 | E87: Quinelato | F87: 10301950025 | G87: =M87 -> 853.83168 | H87: =G87*C87 -> 853.83168 | I87: =G87 -> 853.83168 | J87: =I87*C87 -> 853.83168 | K87: 0 | M87: =VLOOKUP(D87,'TABELA DE PRECOS'!B:C,2,0) -> 853.83168
... A94: 38 | B94: Pinça Reynald para tubos, pontas retas e lisas, 20cm | C94: 2 | D94: FX.10.608 | E94: Fentex | F94: 81897719002 | G94: =M94 -> 25.68384 | H94: =G94*C94 -> 51.36768 | I94: =G94 -> 25.68384 | J94: =I94*C94 -> 51.36768 | K94: 0 | M94: =VLOOKUP(D94,'TABELA DE PRECOS'!B:C,2,0) -> 25.68384
A95: 39 | B95: Pinça Baby-Mixter, pontas curvas, muito finas e serrilhadas, 18cm | C95: 2 | D95: FX.10.432 | E95: Fentex | F95: 81897719002 | G95: 24.34 | H95: =G95*C95 -> 48.68 | I95: =G95 -> 24.34 | J95: =I95*C95 -> 48.68 | K95: 0 | M95: =VLOOKUP(D95,'TABELA DE PRECOS'!B:C,2,0) -> 24.34432
A96: 40 | B96: Pinça Anatômica Standard, pontas retas, largas e serrilhadas, 18cm | C96: 4 | D96: FX.09.951 | E96: Fentex | F96: 81897719002 | G96: =M96 -> 9.04 | H96: =G96*C96 -> 36.16 | I96: =G96 -> 9.04 | J96: =I96*C96 -> 36.16 | K96: 0 | M96: =VLOOKUP(D96,'TABELA DE PRECOS'!B:C,2,0) -> 9.04
A97: 41 | B97: Porta agulha Castroviejo, reto, serrilhado, cabo redondo, com trava, 18cm | C97: 1 | D97: HB2423-18 | E97: Fentex | F97: 81897710009 | G97: =M97 -> 63.11152 | H97: =G97*C97 -> 63.11152 | I97: =G97 -> 63.11152 | J97: =I97*C97 -> 63.11152 | K97: 0 | M97: =VLOOKUP(D97,'TABELA DE PRECOS'!B:C,2,0) -> 63.11152
A98: 42 | B98: Porta Agulha para Fio Mayo Hauberisser, 16cm, com videa - TC | C98: 2 | D98: FX.12.399 | E98: Fentex | F98: 81897719003 | G98: =M98 -> 94.64832 | H98: =G98*C98 -> 189.29664 | I98: =G98 -> 94.64832 | J98: =I98*C98 -> 189.29664 | K98: 0 | M98: =VLOOKUP(D98,'TABELA DE PRECOS'!B:C,2,0) -> 94.64832
A99: 43 | B99: Yankauer Canula de Sucção, 10mm, 29.5cm | C99: 2 | D99: FX.09.028 | E99: Fentex | F99: 81897710034 | G99: =M99 -> 47.34912 | H99: =G99*C99 -> 94.69824 | I99: =G99 -> 47.34912 | J99: =I99*C99 -> 94.69824 | K99: 0 | M99: =VLOOKUP(D99,'TABELA DE PRECOS'!B:C,2,0) -> 47.34912
A100: 44 | B100: Mayo Hegar Porta Agulha, 14cm, com videa - TC | C100: 2 | D100: FX.18.436 | E100: Fentex | F100: 81897719003 | G100: =M100 -> 70.99456 | H100: =G100*C100 -> 141.98912 | I100: =G100 -> 70.99456 | J100: =I100*C100 -> 141.98912 | K100: 0 | M100: =VLOOKUP(D100,'TABELA DE PRECOS'!B:C,2,0) -> 70.99456
A101: 45 | B101: Porta Agulha Mayo-Hegar, pontas retas, largas com serrilha cruzada e encaixe p/ agulha de sutura, 18cm | C101: 1 | D101: FX.12.158 | E101: Fentex | F101: 81897719002 | G101: =M101 -> 21.30752 | H101: =G101*C101 -> 21.30752 | I101: =G101 -> 21.30752 | J101: =I101*C101 -> 21.30752 | K101: 0 | M101: =VLOOKUP(D101,'TABELA DE PRECOS'!B:C,2,0) -> 21.30752
A102: 46 | B102: Porta Agulha Mayo-Hegar, pontas com wídea TC, retas, 20cm | C102: 4 | D102: FX.11.902 | E102: Fentex | F102: 81897719003 | G102: =M102 -> 101.56 | H102: =G102*C102 -> 406.24 | I102: =G102 -> 101.56 | J102: =I102*C102 -> 406.24 | K102: 0 | M102: =VLOOKUP(D102,'TABELA DE PRECOS'!B:C,2,0) -> 101.56
A103: 47 | B103: Porta Agulha Mayo-Hegar, pontas com wídea TC, retas, 24cm | C103: 4 | D103: FX.11.903 | E103: Fentex | F103: 81897719003 | G103: =M103 -> 73.49 | H103: =G103*C103 -> 293.96 | I103: =G103 -> 73.49 | J103: =I103*C103 -> 293.96 | K103: 0 | M103: =VLOOKUP(D103,'TABELA DE PRECOS'!B:C,2,0) -> 73.49
A104: 48 | B104: Tesoura Mayo, lâminas retas, largas com pontas rombas, 14.5cm | C104: 4 | D104: FX.09.375 | E104: Fentex | F104: 81897719002 | G104: =M104 -> 17.36384 | H104: =G104*C104 -> 69.45536 | I104: =G104 -> 17.36384 | J104: =I104*C104 -> 69.45536 | K104: 0 | M104: =VLOOKUP(D104,'TABELA DE PRECOS'!B:C,2,0) -> 17.36384
A105: 49 | B105: Tesoura de Tubo, reta forte, 20cm | C105: 2 | D105: FX.12.341 | E105: Fentex | F105: 81897719002 | G105: =M105 -> 25.68384 | H105: =G105*C105 -> 51.36768 | I105: =G105 -> 25.68384 | J105: =I105*C105 -> 51.36768 | K105: 0 | M105: =VLOOKUP(D105,'TABELA DE PRECOS'!B:C,2,0) -> 25.68384
A106: 50 | B106: Tesoura Metzenbaum, lâminas curvas, finas com pontas rombas, 14.5cm | C106: 2 | D106: FX.09.450 | E106: Fentex | F106: 81897719002 | G106: =M106 -> 18.84 | H106: =G106*C106 -> 37.68 | I106: =G106 -> 18.84 | J106: =I106*C106 -> 37.68 | K106: 0 | M106: =VLOOKUP(D106,'TABELA DE PRECOS'!B:C,2,0) -> 18.84
A107: 51 | B107: Tesoura Metzenbaum-Nelson, lâminas curvas, finas com pontas rombas, 20cm | C107: 4 | D107: FX.09.481 | E107: Fentex | F107: 81897719002 | G107: =M107 -> 21.98976 | H107: =G107*C107 -> 87.95904 | I107: =G107 -> 21.98976 | J107: =I107*C107 -> 87.95904 | K107: 0 | M107: =VLOOKUP(D107,'TABELA DE PRECOS'!B:C,2,0) -> 21.98976
A108: 52 | B108: Tesoura Metzenbaum-Nelson, lâminas curvas, finas com pontas rombas, 23cm | C108: 2 | D108: FX.09.482 | E108: Fentex | F108: 81897719002 | G108: =M108 -> 26.208 | H108: =G108*C108 -> 52.416 | I108: =G108 -> 26.208 | J108: =I108*C108 -> 52.416 | K108: 0 | M108: =VLOOKUP(D108,'TABELA DE PRECOS'!B:C,2,0) -> 26.208
A109: 53 | B109: Caixa inox perfurada com trava 500x200x120 mm | C109: 1 | D109: FX.41.521 | E109: Fentex | F109: Isento | G109: =M109 -> 590.62848 | H109: =G109*C109 -> 590.62848 | I109: =G109 -> 590.62848 | J109: =I109*C109 -> 590.62848 | K109: 0 | M109: =VLOOKUP(D109,'TABELA DE PRECOS'!B:C,2,0) -> 590.62848
B110: Total | C110: =SUM(C57:C109) -> 138 | H110: =SUM(H57:H109) -> 12816.322 | J110: =SUM(J57:J109) -> 12816.322 | M110: =VLOOKUP(D110,'TABELA DE PRECOS'!B:C,2,0) -> #N/A
M111: =VLOOKUP(D111,'TABELA DE PRECOS'!B:C,2,0) -> #N/A
B112: Subitem 1.3 - Caixa para Cirurgia Cardiovascular Delicada | M112: =VLOOKUP(D112,'TABELA DE PRECOS'!B:C,2,0) -> #N/A
A113: ITEM | B113: DESCRITIVO | C113: QTD | D113: CODIGO | E113: MARCA | F113: ANVISA | G113: Valor Unit Bruto | H113: Valor Total Bruto | I113: Valor Unit sem ICMS | J113: Valor Total sem ICMS | K113: Aliquota % ICMS | M113: =VLOOKUP(D113,'TABELA DE PRECOS'!B:C,2,0) -> Valor Unit Bruto
A114: 1 | B114: DeBakey/ Garret Dilator Vascular, 1.0mm, 19cm | C114: 1 | D114: FX.14.258 | E114: Fentex | F114: 81897719002 | G114: =M114 -> 29.73568 | H114: =G114*C114 -> 29.73568 | I114: =G114 -> 29.73568 | J114: =I114*C114 -> 29.73568 | K114: 0 | M114: =VLOOKUP(D114,'TABELA DE PRECOS'!B:C,2,0) -> 29.73568
A115: 2 | B115: Dilatador de coronária, 1.25 mm | C115: 1 | D115: QZ.210.01 | E115: Quinelato | F115: 10301950027 | G115: =M115 -> 29.73568 | H115: =G115*C115 -> 29.73568 | I115: =G115 -> 29.73568 | J115: =I115*C115 -> 29.73568 | K115: 0 | M115: =VLOOKUP(D115,'TABELA DE PRECOS'!B:C,2,0) -> 29.73568
A116: 3 | B116: DeBakey/ Garret Dilator Vascular, 1.5mm, 19cm | C116: 1 | D116: FX.14.259 | E116: Fentex | F116: 81897719002 | G116: =M116 -> 29.73568 | H116: =G116*C116 -> 29.73568 | I116: =G116 -> 29.73568 | J116: =I116*C116 -> 29.73568 | K116: 0 | M116: =VLOOKUP(D116,'TABELA DE PRECOS'!B:C,2,0) -> 29.73568
A117: 4 | B117: Dilatador de coronária, 1.75 mm | C117: 1 | D117: QZ.210.03 | E117: Quinelato | F117: 10301950027 | G117: =M117 -> 29.73568 | H117: =G117*C117 -> 29.73568 | I117: =G117 -> 29.73568 | J117: =I117*C117 -> 29.73568 | K117: 0 | M117: =VLOOKUP(D117,'TABELA DE PRECOS'!B:C,2,0) -> 29.73568
A118: 5 | B118: DeBakey/ Garret Dilator Vascular, 2.0mm, 19cm | C118: 1 | D118: FX.14.260 | E118: Fentex | F118: 81897719002 | G118: =M118 -> 29.73568 | H118: =G118*C118 -> 29.73568 | I118: =G118 -> 29.73568 | J118: =I118*C118 -> 29.73568 | K118: 0 | M118: =VLOOKUP(D118,'TABELA DE PRECOS'!B:C,2,0) -> 29.73568
A119: 6 | B119: DeBakey-Diethrich Pinça, Atraumatica, 1.5mm, 15cm | C119: 4 | D119: FX.13.901 | E119: Fentex | F119: 81897719002 | G119: =M119 -> 32.45632 | H119: =G119*C119 -> 129.82528 | I119: =G119 -> 32.45632 | J119: =I119*C119 -> 129.82528 | K119: 0 | M119: =VLOOKUP(D119,'TABELA DE PRECOS'!B:C,2,0) -> 32.45632
A120: 7 | B120: Tesoura Dietrich, lâminas anguladas 45º, muito finas com pontas agudas, 18cm | C120: 2 | D120: FX.09.510 | E120: Fentex | F120: 81897719002 | G120: =M120 -> 54.08 | H120: =G120*C120 -> 108.16 | I120: =G120 -> 54.08 | J120: =I120*C120 -> 108.16 | K120: 0 | M120: =VLOOKUP(D120,'TABELA DE PRECOS'!B:C,2,0) -> 54.08
A121: 8 | B121: Tesoura Dietrich, lâminas anguladas 60º, muito finas com pontas agudas, 18cm | C121: 2 | D121: FX.09.511 | E121: Fentex | F121: 81897719002 | G121: =M121 -> 54.08 | H121: =G121*C121 -> 108.16 | I121: =G121 -> 54.08 | J121: =I121*C121 -> 108.16 | K121: 0 | M121: =VLOOKUP(D121,'TABELA DE PRECOS'!B:C,2,0) -> 54.08
A122: 9 | B122: Tesoura Dietrich, lâminas anguladas 125º, muito finas com pontas agudas, 18cm | C122: 2 | D122: 05-391-00 | E122: Fentex | F122: 81897710017 | G122: =M122 -> 65.92768 | H122: =G122*C122 -> 131.85536 | I122: =G122 -> 65.92768 | J122: =I122*C122 -> 131.85536 | K122: 0 | M122: =VLOOKUP(D122,'TABELA DE PRECOS'!B:C,2,0) -> 65.92768
A123: 10 | B123: Pinça Dinkhuysen, para dissecção de mamaria, 23cm | C123: 1 | D123: QZ.115.24 | E123: Quinelato | F123: 10301950027 | G123: =M123 -> 150.2592 | H123: =G123*C123 -> 150.2592 | I123: =G123 -> 150.2592 | J123: =I123*C123 -> 150.2592 | K123: 0 | M123: =VLOOKUP(D123,'TABELA DE PRECOS'!B:C,2,0) -> 150.2592
A124: 11 | B124: Porta agulha Castroviejo, reto, serrilhado, cabo redondo, com trava, 18cm | C124: 1 | D124: HB2423-18 | E124: Fentex | F124: 81897710009 | G124: =M124 -> 63.11152 | H124: =G124*C124 -> 63.11152 | I124: =G124 -> 63.11152 | J124: =I124*C124 -> 63.11152 | K124: 0 | M124: =VLOOKUP(D124,'TABELA DE PRECOS'!B:C,2,0) -> 63.11152
A125: 12 | B125: Castroviejo Porta Agulha, reto, com trava, 17cm | C125: 1 | D125: FX.18.506 | E125: Fentex | F125: 81897719002 | G125: =M125 -> 94.64832 | H125: =G125*C125 -> 94.64832 | I125: =G125 -> 94.64832 | J125: =I125*C125 -> 94.64832 | K125: 0 | M125: =VLOOKUP(D125,'TABELA DE PRECOS'!B:C,2,0) -> 94.64832
... A127: 14 | B127: Tesoura Metzenbaum- Fine, lâminas curvas, finas com pontas rombas, 14.5cm | C127: 2 | D127: FX.09.456 | E127: Fentex | F127: 81897719002 | G127: =M127 -> 17.46 | H127: =G127*C127 -> 34.92 | I127: =G127 -> 17.46 | J127: =I127*C127 -> 34.92 | K127: 0 | M127: =VLOOKUP(D127,'TABELA DE PRECOS'!B:C,2,0) -> 17.46
A128: 15 | B128: Caixa Inox perfurada com trava 360x160x100 mm | C128: 1 | D128: FX.41.515 | E128: Fentex | F128: Isento | G128: =M128 -> 387.35 | H128: =G128*C128 -> 387.35 | I128: =G128 -> 387.35 | J128: =I128*C128 -> 387.35 | K128: 0 | M128: =VLOOKUP(D128,'TABELA DE PRECOS'!B:C,2,0) -> 387.35
B129: Total | C129: =SUM(C114:C128) -> 22 | H129: =SUM(H114:H128) -> 1448.2468 | J129: =SUM(J114:J128) -> 1448.2468 | M129: =VLOOKUP(D129,'TABELA DE PRECOS'!B:C,2,0) -> #N/A
M130: =VLOOKUP(D130,'TABELA DE PRECOS'!B:C,2,0) -> #N/A
B131: Subitem 2.1 - Caixa para Laparotomia Adulto | M131: =VLOOKUP(D131,'TABELA DE PRECOS'!B:C,2,0) -> #N/A
A132: ITEM | B132: DESCRITIVO | C132: QTD | D132: CODIGO | E132: MARCA | F132: ANVISA | G132: Valor Unit Bruto | H132: Valor Total Bruto | I132: Valor Unit sem ICMS | J132: Valor Total sem ICMS | K132: Aliquota % ICMS | M132: =VLOOKUP(D132,'TABELA DE PRECOS'!B:C,2,0) -> Valor Unit Bruto
A133: 1 | B133: Canula de aspiração Poole, tubular,angulada em 90º, tubo externo multi perfurado, calibre de 23 French (8mm), 22cm | C133: 1 | D133: FX.09.010 | E133: Fentex | F133: 81897710034 | G133: =M133 -> 47.5272 | H133: =G133*C133 -> 47.5272 | I133: =G133 -> 47.5272 | J133: =I133*C133 -> 47.5272 | K133: 0 | M133: =VLOOKUP(D133,'TABELA DE PRECOS'!B:C,2,0) -> 47.5272
...

Sheet TABELA DE PRECOS
A1: DESCRITIVO | B1: CODIGO | C1: Valor Unit Bruto
A2: Abridor de boca Molt Doyen Jansen, 11cm | B2: FX.15.555 | C2: 92.99664
A3: Acessório afastador mamária acoplado | B3: QZ.015.00 | C3: 353.99104
A4: Adson Alavanca Periosteal, 17cm, Fig.2 | B4: FX.13.193 | C4: 21.34896
A5: Adson Pinça Curativos, serrilhada, 19cm | B5: FX.18.333 | C5: 17.64672
A6: Afastador Adson, garras com dupla articulação e 3 x 4 dentes rombos, movimento por cremalheira, 16cm | B6: FX.11.246 | C6: 226.78128
A7: Afastador Adson, garras com dupla articulação e 3 x 4 dentes rombos, movimento por cremalheira, 26cm | B7: FX.11.248 | C7: 643.28
A8: Afastador Ankeney médio com quatro válvulas, lâminas de 3,5 mm à 4,0mm, com abertura entre 134 à 150 mm | B8: QZ.010.03 | C8: 463.49176
A9: Afastador Balfour, garras laterais aramadas com 100mm x 35mm, hastes curvas, abertura de 200mm, Acompanha válvula central plana com 100mm x 60mm | B9: FX.11.467 | C9: 205.0936
A10: Afastador Balfour, garras laterais aramadas com 70mm x 35mm, hastes curvas, abertura de 180mm, Acompanha válvula central suprapúbica com 45mm x 80mm | B10: FX.11.469 | C10: 216
A11: Afastador Balfour-Baby, garras laterais aramadas com 30mm x 27mm, hastes retas, abertura de 90mm, Acompanha válvula central suprapúbica com 20mm x 24mm | B11: FX.11.465 | C11: 177.984
A12: Afastador Beckmann-Eaton, garras com dupla articulação e 7 x 7 dentes agudos, movimento por cremalheira, 32cm | B12: FX.11.252 | C12: 266.71232
A13: Afastador Buenings, 19cm | B13: FX.15.636 | C13: 6.76504
... A49: Afastador Mollison, garras com 4 x 4 dentes agudos, hastes comcurva acentuada, movimento por cremalheira, 15cm | B49: FX.11.218 | C49: 121.71328
A50: Afastador Richardson 25cm – 24x20mm | B50: 10447 | C50: 23.29552
A51: Afastador Richardson 25cm – 33x29mm | B51: 10448 | C51: 23.29552
A52: Afastador Richardson 25cm – 50x22mm | B52: 10450 | C52: 36.54144
A53: Afastador Richardson 25cm 40×38 | B53: 10449 | C53: 23.29552
A54: Afastador Senn Miller, 3 garras rombas, 18cm | B54: FX.41.871 | C54: 10.68712
A55: Afastador Senn-Miller, duplo, de um lado, lâmina de 20mm x 7mm, e do outro, gancho com 3 dentes rombos, 16cm | B55: FX.10.858 | C55: 12.40944
A56: Afastador Ventrículo, tamanho médio, 20cm | B56: QZ.044.02 | C56: 209.85536
A57: Afastador Ventrículo, tamanho pequeno, 20cm | B57: QZ.044.01 | C57: 209.85536
A58: Afastador Volkmann, multi-uso, gancho com 2 dentes rombos, 22cm | B58: FX.10.901 | C58: 19.88904
A59: Afastador Volkmann, multi-uso, gancho com 2 dentes semi-rombos, 22cm | B59: FX.10.896 | C59: 19.88904
A60: Afastador Volkmann, multi-uso, gancho com 3 dentes rombos, 22cm | B60: FX.10.902 | C60: 18.48232
A61: Afastador Volkmann, multi-uso, gancho com 4 dentes rombos, 22cm | B61: FX.10.903 | C61: 19.33928
A62: Afastador Weitlaner, garras com3 x 4 dentes agudos, movimento por cremalheira,16cm | B62: FX.11.190 | C62: 87.36768
A63: Afastador Weitlaner, garras com 3 x 4 dentes rombos, movimento por cremalheira, 20cm | B63: FX.11.201 | C63: 144.46368
A64: Afastador Weitlaner, garras com 3 x 4 dentes rombos, movimento por cremalheira,14cm | B64: FX.11.192 | C64: 123.69888
A65: Afastador Weitlaner, garras com 3 x 4 dentes rombos, movimento por cremalheira,16cm | B65: FX.11.193 | C65: 133.35616
... A79: Alicate Ruskin Rugina Óssea, curva, 23cm | B79: FX.13.419 | C79: 244.4808
A80: ALICATE STEIMANN 30CM P/ FIO DE AÇO DUPLA ARTICULAÇÃO C/ VIDEA | B80: 11227 | C80: 675.82008
A81: ALICATE STEIMANN 60CM P/ FIO DE AÇO DUPLA ARTICULAÇÃO C/ VIDEA | B81: 13039 | C81: 918.01016
A82: Alicate Torce Fio Mayo Hauberisser, 16cm, com videa - TC | B82: FX.12.399 | C82: 94.64832
A83: Aplicador de Pinça para vaso Biemer, sem trava, 14.5cm | B83: HB3929-33 | C83: 230.62944
A84: Areolotomo, conjunto com 3 peças | B84: 51-274-34 | C84: 67.82344
A85: Aspirador Cautério | B85: FX.41.912 | C85: 162.87184
A86: Babcock Pinça para Tecido, serrilhada, 16cm | B86: FX.16.319 | C86: 24.102848
A87: Babcock Pinça para Tecido, serrilhada, 18cm | B87: FX.16.320 | C87: 27.50512
A88: Babcock Pinça para Tecido, serrilhada, 20cm | B88: FX.16.321 | C88: 32.45
A89: Babcock Pinça para Tecido, serrilhada, 24cm | B89: FX.16.322 | C89: 47.5272
A90: Backhaus Clamp Toalha, 13cm | B90: FX.18.425 | C90: 17.28
A91: Badeja Rim, 162*77*31mm | B91: FX.41.303 | C91: 9.83664
A92: Caixa Inox, perfurada com trava, 500x200x120 mm | B92: FX.41.521 | C92: 590.62848
A93: Caixa Inox, perfurada com trava, 360x160x100 mm | B93: FX.41.515 | C93: 387.35
... A234: Espátula Maleáve, 50x330mm | B234: FX.11.138 | C234: 25.32852
A235: Espatula maleável, 20mm, com 30cm | B235: 10639 | C235: 11.99
A236: Espatula maleável, 30mm, com 30cm | B236: 10641 | C236: 15.59
A237: Espatula maleável, 50mm, com 30cm | B237: 10645 | C237: 19.19
A238: Espatula Maleavel, Ribbon Afastador, 25x330mm | B238: FX.11.135 | C238: 13.375936
A239: Estilete para passar fios, ponta em gancho, calibre de 1.5mm, 26cm | B239: FX.14.236 | C239: 18.94464
A240: Extrator Apical 302 Esquerdo | B240: FX.41.647 | C240: 24.42336
A241: Extrator Apical 303, Direito | B241: FX.41.646 | C241: 24.42336
A242: Extrator Apical 304 | B242: FX.41.648 | C242: 24.42336
A243: Extrator Seldin 1L, angulado, esquerdo | B243: FX.41.649 | C243: 24.42336
A244: Extrator Seldin 1R, angulado, direito | B244: FX.41.650 | C244: 24.42336
A245: Extrator Seldin 2, reto | B245: FX.41.651 | C245: 24.42336
A246: Farabeuf Alavanca Periosteal, curvo, 15cm | B246: FX.13.140 | C246: 20.61648
A247: Farabeuf Alavanca Periosteal, reto, 15cm | B247: FX.13.139 | C247: 14.56128
A248: Farrel Aplicador de algodão rosqueado, 16cm | B248: FX.11.836 | C248: 6.94632
A249: Ferris Smith Kerrison Punch para cima, 3mm, 20cm | B249: HB1481-03 | C249: 296.35984
... A532: Retrator Caspar Afastador, medindo 60mm x 105mmx 100 mm, com 6 lâminas de 35mm, 40mm, 45mm, 50mm, 55mm e 60 mm | B532: FX.11.296 | C532: 256.15688
A533: Retrator para Labios e Bochecha, tipo C . Incluso no item 1
A534: Reverdin Abdominal Spatula 60x45mm, 29cm | B534: FX.11.149 | C534: 38.41
A535: Ribbon Afastador, 30x330mm | B535: FX.11.136 | C535: 12.84616
A536: Ribbon Afastador, 40x330mm | B536: FX.11.137 | C536: 12.84616
A537: Ribbon Afastador, maleavel, 12x200mm | B537: FX.11.144 | C537: 11.11576
A538: Ribbon Afastador, maleavel, 17x200mm | B538: FX.11.145 | C538: 12.58248
A539: Ribbon Afastador, maleavel, 20x200mm | B539: FX.11.146 | C539: 13.33232
A540: Ribbon Afastador, maleavel, 25x200mm | B540: FX.11.147 | C540: 13.33232
A541: Ribbon Afastador, maleavel, 6x200mm | B541: FX.11.142 | C541: 8.45424
A542: Ribbon Afastador, maleavel, 9x200mm | B542: FX.11.143 | C542: 11.11576
A543: Rugina de disco intervertebral Ferris-Smith-Kerrison, corte de 90° para cima, 3mm, 23cm | B543: HB1481-23 | C543: 1204.5314
A544: Rugina de disco intervertebral Ferris-Smith-Kerrison, corte de 90° para cima, 4mm, 23cm | B544: HB1481-24 | C544: 1204.5314
A545: Rugina de disco intervertebral Ferris-Smith-Kerrison, corte de 90° para cima, 5mm, 23cm | B545: HB1481-25 | C545: 1204.5314
... A702: Volkmann Cureta Óssea, 17cm, 2mm n 00000 | B702: HB3499 | C702: 20.39
